,type,label
0,0,0
1,0,0
2,0,0
3,0,0
4,0,0
5,0,0
6,0,0
7,0,0
8,0,0
9,0,0
10,0,0
11,0,0
12,0,0
13,0,0
14,0,0
15,0,0
16,0,0
17,0,0
18,0,0
19,0,0
20,0,0
21,0,0
22,0,0
23,0,0
24,0,0
25,0,0
26,0,0
27,0,0
28,0,0
29,0,0
30,0,0
31,0,0
32,0,0
33,0,0
34,0,0
35,0,0
36,0,0
37,0,0
38,0,0
39,0,0
40,0,0
41,0,0
42,0,0
43,0,0
44,0,0
45,0,0
46,0,0
47,0,0
48,0,0
49,0,0
50,0,0
51,0,0
52,0,0
53,0,0
54,0,0
55,0,0
56,0,0
57,0,0
58,0,0
59,0,0
60,0,0
61,0,0
62,0,0
63,0,0
64,0,0
65,0,0
66,0,0
67,0,0
68,0,0
69,0,0
70,0,0
71,0,0
72,0,0
73,0,0
74,0,0
75,0,0
76,0,0
77,0,0
78,0,0
79,0,0
80,0,0
81,0,0
82,0,0
83,0,0
84,0,0
85,0,0
86,0,0
87,0,0
88,0,0
89,0,0
90,0,0
91,0,0
92,0,0
93,0,0
94,0,0
95,0,0
96,0,0
97,0,0
98,0,0
99,0,0
100,0,0
101,0,0
102,0,0
103,0,0
104,0,0
105,0,0
106,0,0
107,0,0
108,0,0
109,0,0
110,0,0
111,0,0
112,0,0
113,0,0
114,0,0
115,0,0
116,0,0
117,0,0
118,0,0
119,0,0
120,0,0
121,0,0
122,0,0
123,0,0
124,0,0
125,0,0
126,0,0
127,0,0
128,0,0
129,0,0
130,0,0
131,0,0
132,0,0
133,0,0
134,0,0
135,0,0
136,0,0
137,0,0
138,0,0
139,0,0
140,0,0
141,0,0
142,0,0
143,0,0
144,0,0
145,0,0
146,0,0
147,0,0
148,0,0
149,0,0
150,0,0
151,0,0
152,0,0
153,0,0
154,0,0
155,0,0
156,0,0
157,0,0
158,0,0
159,0,0
160,0,0
161,0,0
162,0,0
163,0,0
164,0,0
165,0,0
166,0,0
167,0,0
168,0,0
169,0,0
170,0,0
171,0,0
172,0,0
173,0,0
174,0,0
175,0,0
176,0,0
177,0,0
178,0,0
179,0,0
180,0,0
181,0,0
182,0,0
183,0,0
184,0,0
185,0,0
186,0,0
187,0,0
188,0,0
189,0,0
190,0,0
191,0,0
192,0,0
193,0,0
194,0,0
195,0,0
196,0,0
197,0,0
198,0,0
199,0,0
200,0,0
201,0,0
202,0,0
203,0,0
204,0,0
205,0,0
206,0,0
207,0,0
208,0,0
209,0,0
210,0,0
211,0,0
212,0,0
213,0,0
214,0,0
215,0,0
216,0,0
217,0,0
218,0,0
219,0,0
220,0,0
221,0,0
222,0,0
223,0,0
224,0,0
225,0,0
226,0,0
227,0,0
228,0,0
229,0,0
230,0,0
231,0,0
232,0,0
233,0,0
234,0,0
235,0,0
236,0,0
237,0,0
238,0,0
239,0,0
240,0,0
241,0,0
242,0,0
243,0,0
244,0,0
245,0,0
246,0,0
247,0,0
248,0,0
249,0,0
250,0,0
251,0,0
252,0,0
253,0,0
254,0,0
255,0,0
256,0,0
257,0,0
258,0,0
259,0,0
260,0,0
261,0,0
262,0,0
263,0,0
264,0,0
265,0,0
266,0,0
267,0,0
268,0,0
269,0,0
270,0,0
271,0,0
272,0,0
273,0,0
274,0,0
275,0,0
276,0,0
277,0,0
278,0,0
279,0,0
280,0,0
281,0,0
282,0,0
283,0,0
284,0,0
285,0,0
286,0,0
287,0,0
288,0,0
289,0,0
290,0,0
291,0,0
292,0,0
293,0,0
294,0,0
295,0,0
296,0,0
297,0,0
298,0,0
299,0,0
300,0,0
301,0,0
302,0,0
303,0,0
304,0,0
305,0,0
306,0,0
307,0,0
308,0,0
309,0,0
310,0,0
311,0,0
312,0,0
313,0,0
314,0,0
315,0,0
316,0,0
317,0,0
318,0,0
319,0,0
320,0,0
321,0,0
322,0,0
323,0,0
324,0,0
325,0,0
326,0,0
327,0,0
328,0,0
329,0,0
330,0,0
331,0,0
332,0,0
333,0,0
334,0,0
335,0,0
336,0,0
337,0,0
338,0,0
339,0,0
340,0,0
341,0,0
342,0,0
343,0,0
344,0,0
345,0,0
346,0,0
347,0,0
348,0,0
349,0,0
350,0,0
351,0,0
352,0,0
353,0,0
354,0,0
355,0,0
356,0,0
357,0,0
358,0,0
359,0,0
360,0,0
361,0,0
362,0,0
363,0,0
364,0,0
365,0,0
366,0,0
367,0,0
368,0,0
369,0,0
370,0,0
371,0,0
372,0,0
373,0,0
374,0,0
375,0,0
376,0,0
377,0,0
378,0,0
379,0,0
380,0,0
381,0,0
382,0,0
383,0,0
384,0,0
385,0,0
386,0,0
387,0,0
388,0,0
389,0,0
390,0,0
391,0,0
392,0,0
393,0,0
394,0,0
395,0,0
396,0,0
397,0,0
398,0,0
399,0,0
400,0,0
401,0,0
402,0,0
403,0,0
404,0,0
405,0,0
406,0,0
407,0,0
408,0,0
409,0,0
410,0,0
411,0,0
412,0,0
413,0,0
414,0,0
415,0,0
416,0,0
417,0,0
418,0,0
419,0,0
420,0,0
421,0,0
422,0,0
423,0,0
424,0,0
425,0,0
426,0,0
427,0,0
428,0,0
429,0,0
430,0,0
431,0,0
432,0,0
433,0,0
434,0,0
435,0,0
436,0,0
437,0,0
438,0,0
439,0,0
440,0,0
441,0,0
442,0,0
443,0,0
444,0,0
445,0,0
446,0,0
447,0,0
448,0,0
449,0,0
450,0,0
451,0,0
452,0,0
453,0,0
454,0,0
455,0,0
456,0,0
457,0,0
458,0,0
459,0,0
460,0,0
461,0,0
462,0,0
463,0,0
464,0,0
465,0,0
466,0,0
467,0,0
468,0,0
469,0,0
470,0,0
471,0,0
472,0,0
473,0,0
474,0,0
475,0,0
476,0,0
477,0,0
478,0,0
479,0,0
480,0,0
481,0,0
482,0,0
483,0,0
484,0,0
485,0,0
486,0,0
487,0,0
488,0,0
489,0,0
490,0,0
491,0,0
492,0,0
493,0,0
494,0,0
495,0,0
496,0,0
497,0,0
498,0,0
499,0,0
500,0,0
501,0,0
502,0,0
503,0,0
504,0,0
505,0,0
506,0,0
507,0,0
508,0,0
509,0,0
510,0,0
511,0,0
512,0,0
513,0,0
514,0,0
515,0,0
516,0,0
517,0,0
518,0,0
519,0,0
520,0,0
521,0,0
522,0,0
523,0,0
524,0,0
525,0,0
526,0,0
527,0,0
528,0,0
529,0,0
530,0,0
531,0,0
532,0,0
533,0,0
534,0,0
535,0,0
536,0,0
537,0,0
538,0,0
539,0,0
540,0,0
541,0,0
542,0,0
543,0,0
544,0,0
545,0,0
546,0,0
547,0,0
548,0,0
549,0,0
550,0,0
551,0,0
552,0,0
553,0,0
554,0,0
555,0,0
556,0,0
557,0,0
558,0,0
559,0,0
560,0,0
561,0,0
562,0,0
563,0,0
564,0,0
565,0,0
566,0,0
567,0,0
568,0,0
569,0,0
570,0,0
571,0,0
572,0,0
573,0,0
574,0,0
575,0,0
576,0,0
577,0,0
578,0,0
579,0,0
580,0,0
581,0,0
582,0,0
583,0,0
584,0,0
585,0,1
586,0,1
587,0,1
588,0,1
589,0,1
590,0,1
591,0,1
592,0,1
593,0,1
594,0,1
595,0,1
596,0,1
597,0,1
598,0,1
599,0,1
600,0,1
601,0,1
602,0,1
603,0,1
604,0,1
605,0,1
606,0,1
607,0,1
608,0,1
609,0,1
610,0,1
611,0,1
612,0,1
613,0,1
614,0,1
615,0,1
616,0,1
617,0,1
618,0,1
619,0,1
620,0,1
621,0,1
622,0,1
623,0,1
624,0,1
625,0,1
626,0,1
627,0,1
628,0,1
629,0,1
630,0,1
631,0,1
632,0,1
633,0,1
634,0,1
635,0,1
636,0,1
637,0,1
638,0,1
639,0,1
640,0,1
641,0,1
642,0,1
643,0,1
644,0,1
645,0,1
646,0,1
647,0,1
648,0,1
649,0,1
650,0,1
651,0,1
652,0,1
653,0,1
654,0,1
655,0,1
656,0,1
657,0,1
658,0,1
659,0,1
660,0,1
661,0,1
662,0,1
663,0,1
664,0,1
665,0,1
666,0,1
667,0,1
668,0,1
669,0,1
670,0,1
671,0,1
672,0,1
673,0,1
674,0,1
675,0,1
676,0,1
677,0,1
678,0,1
679,0,1
680,0,1
681,0,1
682,0,1
683,0,1
684,0,1
685,0,1
686,0,1
687,0,1
688,0,1
689,0,1
690,0,1
691,0,1
692,0,1
693,0,1
694,0,1
695,0,1
696,0,1
697,0,1
698,0,1
699,0,1
700,0,1
701,0,1
702,0,1
703,0,1
704,0,1
705,0,1
706,0,1
707,0,1
708,0,1
709,0,1
710,0,1
711,0,1
712,0,1
713,0,1
714,0,1
715,0,1
716,0,1
717,0,1
718,0,1
719,0,1
720,0,1
721,0,1
722,0,1
723,0,1
724,0,1
725,0,1
726,0,1
727,0,1
728,0,0
729,0,0
730,0,0
731,0,0
732,0,0
733,0,0
734,0,0
735,0,0
736,0,0
737,0,0
738,0,0
739,0,0
740,0,0
741,0,0
742,0,0
743,0,0
744,0,0
745,0,0
746,0,0
747,0,0
748,0,0
749,0,0
750,0,0
751,0,0
752,0,0
753,0,0
754,0,0
755,0,0
756,0,0
757,0,0
758,0,0
759,0,0
760,0,0
761,0,0
762,0,0
763,0,0
764,0,0
765,0,0
766,0,0
767,0,0
768,0,0
769,0,0
770,0,0
771,0,0
772,0,0
773,0,0
774,0,0
775,0,0
776,0,0
777,0,0
778,0,0
779,0,0
780,0,0
781,0,0
782,0,0
783,0,0
784,0,0
785,0,0
786,0,0
787,0,0
788,0,0
789,0,0
790,0,0
791,0,0
792,0,0
793,0,0
794,0,0
795,0,0
796,0,0
797,0,0
798,0,0
799,0,0
800,0,0
801,0,0
802,0,0
803,0,0
804,0,0
805,0,0
806,0,0
807,0,0
808,0,0
809,0,0
810,0,0
811,0,0
812,0,0
813,0,0
814,0,0
815,0,0
816,0,0
817,0,0
818,0,0
819,0,0
820,0,0
821,0,0
822,0,0
823,0,0
824,0,0
825,0,0
826,0,0
827,0,0
828,0,0
829,0,0
830,0,0
831,0,0
832,0,0
833,0,0
834,0,0
835,0,0
836,0,0
837,0,0
838,0,0
839,0,0
840,0,0
841,0,0
842,0,0
843,0,0
844,0,0
845,0,0
846,0,0
847,0,0
848,0,0
849,0,0
850,0,0
851,0,0
852,0,0
853,0,0
854,0,0
855,0,0
856,0,0
857,0,0
858,0,0
859,0,0
860,0,0
861,0,0
862,0,0
863,0,0
864,0,0
865,0,0
866,0,0
867,0,0
868,0,0
869,0,0
870,0,0
871,0,0
872,0,0
873,0,0
874,0,0
875,0,0
876,0,0
877,0,0
878,0,0
879,0,0
880,0,0
881,0,0
882,0,0
883,0,0
884,0,0
885,0,0
886,0,0
887,0,0
888,0,0
889,0,0
890,0,0
891,0,0
892,0,0
893,0,0
894,0,0
895,0,0
896,0,0
897,0,0
898,0,0
899,0,0
900,0,0
901,0,0
902,0,0
903,0,0
904,0,0
905,0,0
906,0,0
907,0,0
908,0,0
909,0,0
910,0,0
911,0,0
912,0,0
913,0,0
914,0,0
915,0,0
916,0,0
917,0,0
918,0,0
919,0,0
920,0,0
921,0,0
922,0,0
923,0,0
924,0,0
925,0,0
926,0,0
927,0,0
928,0,0
929,0,0
930,0,0
931,0,0
932,0,0
933,0,0
934,0,0
935,0,0
936,0,0
937,0,0
938,0,0
939,0,0
940,0,0
941,0,0
942,0,0
943,0,0
944,0,0
945,0,0
946,0,0
947,0,0
948,0,0
949,0,0
950,0,0
951,0,0
952,0,0
953,0,0
954,0,0
955,0,0
956,0,0
957,0,0
958,0,0
959,0,0
960,0,0
961,0,0
962,0,0
963,0,0
964,0,0
965,0,0
966,0,0
967,0,0
968,0,0
969,0,0
970,0,0
971,0,0
972,0,0
973,0,0
974,0,0
975,0,0
976,0,0
977,0,0
978,0,0
979,0,0
980,0,0
981,0,0
982,0,0
983,0,0
984,0,0
985,0,0
986,0,0
987,0,0
988,0,0
989,0,0
990,0,0
991,0,0
992,0,0
993,0,0
994,0,0
995,0,0
996,0,0
997,0,0
998,0,0
999,0,0
1000,0,0
1001,0,0
1002,0,0
1003,0,0
1004,0,0
1005,0,0
1006,0,0
1007,0,0
1008,0,0
1009,0,0
1010,0,0
1011,0,0
1012,0,0
1013,0,0
1014,0,0
1015,0,0
1016,0,0
1017,0,0
1018,0,0
1019,0,0
1020,0,0
1021,0,0
1022,0,0
1023,0,0
1024,0,0
1025,0,0
1026,0,0
1027,0,0
1028,0,0
1029,0,0
1030,0,0
1031,0,0
1032,0,0
1033,0,0
1034,0,0
1035,0,0
1036,0,0
1037,0,0
1038,0,0
1039,0,0
1040,0,0
1041,0,0
1042,0,0
1043,0,0
1044,0,0
1045,0,0
1046,0,0
1047,0,0
1048,0,0
1049,0,0
1050,0,0
1051,0,0
1052,0,0
1053,0,0
1054,0,0
1055,0,0
1056,0,0
1057,0,0
1058,0,0
1059,0,0
1060,0,0
1061,0,0
1062,0,0
1063,0,0
1064,0,0
1065,0,0
1066,0,0
1067,0,0
1068,0,0
1069,0,0
1070,0,0
1071,0,0
1072,0,0
1073,0,0
1074,0,0
1075,0,0
1076,0,0
1077,0,0
1078,0,0
1079,0,0
1080,0,0
1081,0,0
1082,0,0
1083,0,0
1084,0,0
1085,0,0
1086,0,0
1087,0,0
1088,0,0
1089,0,0
1090,0,0
1091,0,0
1092,0,0
1093,0,0
1094,0,0
1095,0,0
1096,0,0
1097,0,0
1098,0,0
1099,0,0
1100,0,0
1101,0,0
1102,0,0
1103,0,0
1104,0,0
1105,0,0
1106,0,0
1107,0,0
1108,0,0
1109,0,0
1110,0,0
1111,0,0
1112,0,0
1113,0,0
1114,0,0
1115,0,0
1116,0,0
1117,0,0
1118,0,0
1119,0,0
1120,0,0
1121,0,0
1122,0,0
1123,0,0
1124,0,0
1125,0,0
1126,0,0
1127,0,0
1128,0,0
1129,0,0
1130,0,0
1131,0,0
1132,0,0
1133,0,0
1134,0,0
1135,0,0
1136,0,0
1137,0,0
1138,0,0
1139,0,0
1140,0,0
1141,0,0
1142,0,0
1143,0,0
1144,0,0
1145,0,0
1146,0,0
1147,0,0
1148,0,0
1149,0,0
1150,0,0
1151,0,0
1152,0,0
1153,0,0
1154,0,0
1155,0,0
1156,0,0
1157,0,0
1158,0,0
1159,0,0
1160,0,0
1161,0,0
1162,0,0
1163,0,0
1164,0,0
1165,0,0
1166,0,0
1167,0,0
1168,0,0
1169,0,0
1170,0,0
1171,0,0
1172,0,0
1173,0,0
1174,0,0
1175,0,0
1176,0,0
1177,0,0
1178,0,0
1179,0,0
1180,0,0
1181,0,0
1182,0,0
1183,0,0
1184,0,0
1185,0,0
1186,0,0
1187,0,0
1188,0,0
1189,0,0
1190,0,0
1191,0,0
1192,0,0
1193,0,0
1194,0,0
1195,0,0
1196,0,0
1197,0,0
1198,0,0
1199,0,0
1200,0,0
1201,0,0
1202,0,0
1203,0,0
1204,0,0
1205,0,0
1206,0,0
1207,0,0
1208,0,0
1209,0,0
1210,0,0
1211,0,0
1212,0,0
1213,0,0
1214,0,0
1215,0,0
1216,0,0
1217,0,0
1218,0,0
1219,0,0
1220,0,0
1221,0,0
1222,0,0
1223,0,0
1224,0,0
1225,0,0
1226,0,0
1227,0,0
1228,0,0
1229,0,0
1230,0,0
1231,0,0
1232,0,0
1233,0,0
1234,0,0
1235,0,0
1236,0,0
1237,0,0
1238,0,0
1239,0,0
1240,0,0
1241,0,0
1242,0,0
1243,0,0
1244,0,0
1245,0,0
1246,0,0
1247,0,0
1248,0,0
1249,0,0
1250,0,0
1251,0,0
1252,0,0
1253,0,0
1254,0,0
1255,0,0
1256,0,0
1257,0,0
1258,0,0
1259,0,0
1260,0,0
1261,0,0
1262,0,0
1263,0,0
1264,0,0
1265,0,0
1266,0,0
1267,0,0
1268,0,0
1269,0,0
1270,0,0
1271,0,0
1272,0,0
1273,0,0
1274,0,0
1275,0,0
1276,0,0
1277,0,0
1278,0,0
1279,0,0
1280,0,0
1281,0,0
1282,0,0
1283,0,0
1284,0,0
1285,0,0
1286,0,0
1287,0,0
1288,0,0
1289,0,0
1290,0,0
1291,0,0
1292,0,0
1293,0,0
1294,0,0
1295,0,0
1296,1,0
1297,1,0
1298,1,0
1299,1,0
1300,1,0
1301,1,0
1302,1,0
1303,1,0
1304,1,0
1305,1,0
1306,1,0
1307,1,0
1308,1,0
1309,1,0
1310,1,0
1311,1,0
1312,1,0
1313,1,0
1314,1,0
1315,1,0
1316,1,0
1317,1,0
1318,1,0
1319,1,0
1320,1,0
1321,1,0
1322,1,0
1323,1,0
1324,1,0
1325,1,0
1326,1,0
1327,1,0
1328,1,0
1329,1,0
1330,1,0
1331,1,0
1332,1,0
1333,1,0
1334,1,0
1335,1,0
1336,1,0
1337,1,0
1338,1,0
1339,1,0
1340,1,0
1341,1,0
1342,1,0
1343,1,0
1344,1,0
1345,1,0
1346,1,0
1347,1,0
1348,1,0
1349,1,0
1350,1,0
1351,1,0
1352,1,0
1353,1,0
1354,1,0
1355,1,0
1356,1,0
1357,1,0
1358,1,0
1359,1,0
1360,1,0
1361,1,0
1362,1,0
1363,1,0
1364,1,0
1365,1,0
1366,1,0
1367,1,0
1368,1,0
1369,1,0
1370,1,0
1371,1,0
1372,1,0
1373,1,0
1374,1,0
1375,1,0
1376,1,0
1377,1,0
1378,1,0
1379,1,0
1380,1,0
1381,1,0
1382,1,0
1383,1,0
1384,1,0
1385,1,0
1386,1,0
1387,1,0
1388,1,0
1389,1,0
1390,1,0
1391,1,0
1392,1,0
1393,1,0
1394,1,0
1395,1,0
1396,1,0
1397,1,0
1398,1,0
1399,1,0
1400,1,0
1401,1,0
1402,1,0
1403,1,0
1404,1,0
1405,1,0
1406,1,0
1407,1,0
1408,1,0
1409,1,0
1410,1,0
1411,1,0
1412,1,0
1413,1,0
1414,1,0
1415,1,0
1416,1,0
1417,1,0
1418,1,0
1419,1,0
1420,1,0
1421,1,0
1422,1,0
1423,1,0
1424,1,0
1425,1,0
1426,1,0
1427,1,0
1428,1,0
1429,1,0
1430,1,0
1431,1,0
1432,1,0
1433,1,0
1434,1,0
1435,1,0
1436,1,0
1437,1,0
1438,1,0
1439,1,0
1440,1,0
1441,1,0
1442,1,0
1443,1,0
1444,1,0
1445,1,0
1446,1,0
1447,1,0
1448,1,0
1449,1,0
1450,1,0
1451,1,0
1452,1,0
1453,1,0
1454,1,0
1455,1,0
1456,1,0
1457,1,0
1458,1,0
1459,1,0
1460,1,0
1461,1,0
1462,1,0
1463,1,0
1464,1,0
1465,1,0
1466,1,0
1467,1,0
1468,1,0
1469,1,0
1470,1,0
1471,1,0
1472,1,0
1473,1,0
1474,1,0
1475,1,0
1476,1,0
1477,1,0
1478,1,0
1479,1,0
1480,1,0
1481,1,0
1482,1,0
1483,1,0
1484,1,0
1485,1,0
1486,1,0
1487,1,0
1488,1,0
1489,1,0
1490,1,0
1491,1,0
1492,1,0
1493,1,0
1494,1,0
1495,1,0
1496,1,0
1497,1,0
1498,1,0
1499,1,0
1500,1,0
1501,1,0
1502,1,0
1503,1,0
1504,1,0
1505,1,0
1506,1,0
1507,1,0
1508,1,0
1509,1,0
1510,1,0
1511,1,0
1512,1,0
1513,1,0
1514,1,0
1515,1,0
1516,1,0
1517,1,0
1518,1,0
1519,1,0
1520,1,0
1521,1,0
1522,1,0
1523,1,0
1524,1,0
1525,1,0
1526,1,0
1527,1,0
1528,1,0
1529,1,0
1530,1,0
1531,1,0
1532,1,0
1533,1,0
1534,1,0
1535,1,0
1536,1,0
1537,1,0
1538,1,0
1539,1,0
1540,1,0
1541,1,0
1542,1,0
1543,1,0
1544,1,0
1545,1,0
1546,1,0
1547,1,0
1548,1,0
1549,1,0
1550,1,0
1551,1,0
1552,1,0
1553,1,0
1554,1,0
1555,1,0
1556,1,0
1557,1,0
1558,1,0
1559,1,0
1560,1,0
1561,1,0
1562,1,0
1563,1,0
1564,1,0
1565,1,0
1566,1,0
1567,1,0
1568,1,0
1569,1,0
1570,1,0
1571,1,0
1572,1,0
1573,1,0
1574,1,0
1575,1,0
1576,1,0
1577,1,0
1578,1,0
1579,1,0
1580,1,0
1581,1,0
1582,1,0
1583,1,0
1584,1,0
1585,1,0
1586,1,0
1587,1,0
1588,1,0
1589,1,0
1590,1,0
1591,1,0
1592,1,0
1593,1,0
1594,1,0
1595,1,0
1596,1,0
1597,1,0
1598,1,0
1599,1,0
1600,1,0
1601,1,0
1602,1,0
1603,1,0
1604,1,0
1605,1,0
1606,1,0
1607,1,0
1608,1,0
1609,1,0
1610,1,0
1611,1,0
1612,1,0
1613,1,0
1614,1,0
1615,1,0
1616,1,0
1617,1,0
1618,1,0
1619,1,0
1620,1,0
1621,1,0
1622,1,0
1623,1,0
1624,1,0
1625,1,0
1626,1,0
1627,1,0
1628,1,0
1629,1,0
1630,1,0
1631,1,0
1632,1,0
1633,1,0
1634,1,0
1635,1,0
1636,1,0
1637,1,0
1638,1,0
1639,1,0
1640,1,0
1641,1,0
1642,1,0
1643,1,0
1644,1,0
1645,1,0
1646,1,0
1647,1,0
1648,1,0
1649,1,0
1650,1,0
1651,1,0
1652,1,0
1653,1,0
1654,1,0
1655,1,0
1656,1,0
1657,1,0
1658,1,0
1659,1,0
1660,1,0
1661,1,0
1662,1,0
1663,1,0
1664,1,0
1665,1,0
1666,1,0
1667,1,0
1668,1,0
1669,1,0
1670,1,0
1671,1,0
1672,1,0
1673,1,0
1674,1,0
1675,1,0
1676,1,0
1677,1,0
1678,1,0
1679,1,0
1680,1,0
1681,1,0
1682,1,0
1683,1,0
1684,1,0
1685,1,0
1686,1,0
1687,1,0
1688,1,0
1689,1,0
1690,1,0
1691,1,0
1692,1,0
1693,1,0
1694,1,0
1695,1,0
1696,1,0
1697,1,0
1698,1,0
1699,1,0
1700,1,0
1701,1,0
1702,1,0
1703,1,0
1704,1,0
1705,1,0
1706,1,0
1707,1,0
1708,1,0
1709,1,0
1710,1,0
1711,1,0
1712,1,0
1713,1,0
1714,1,0
1715,1,0
1716,1,0
1717,1,0
1718,1,0
1719,1,0
1720,1,0
1721,1,0
1722,1,0
1723,1,0
1724,1,0
1725,1,0
1726,1,0
1727,1,0
1728,1,0
1729,1,0
1730,1,0
1731,1,0
1732,1,0
1733,1,0
1734,1,0
1735,1,0
1736,1,0
1737,1,0
1738,1,0
1739,1,0
1740,1,0
1741,1,0
1742,1,0
1743,1,0
1744,1,0
1745,1,0
1746,1,0
1747,1,0
1748,1,0
1749,1,0
1750,1,0
1751,1,0
1752,1,0
1753,1,0
1754,1,0
1755,1,0
1756,1,0
1757,1,0
1758,1,0
1759,1,0
1760,1,0
1761,1,0
1762,1,0
1763,1,0
1764,1,0
1765,1,0
1766,1,0
1767,1,0
1768,1,0
1769,1,0
1770,1,0
1771,1,0
1772,1,0
1773,1,0
1774,1,0
1775,1,0
1776,1,0
1777,1,0
1778,1,0
1779,1,0
1780,1,0
1781,1,0
1782,1,0
1783,1,0
1784,1,0
1785,1,0
1786,1,0
1787,1,0
1788,1,0
1789,1,0
1790,1,0
1791,1,0
1792,1,0
1793,1,0
1794,1,0
1795,1,0
1796,1,0
1797,1,0
1798,1,0
1799,1,0
1800,1,0
1801,1,0
1802,1,0
1803,1,0
1804,1,0
1805,1,0
1806,1,0
1807,1,0
1808,1,0
1809,1,0
1810,1,0
1811,1,0
1812,1,0
1813,1,0
1814,1,0
1815,1,0
1816,1,0
1817,1,0
1818,1,0
1819,1,0
1820,1,0
1821,1,0
1822,1,0
1823,1,0
1824,1,0
1825,1,0
1826,1,0
1827,1,0
1828,1,0
1829,1,0
1830,1,0
1831,1,0
1832,1,0
1833,1,0
1834,1,0
1835,1,0
1836,1,0
1837,1,0
1838,1,0
1839,1,0
1840,1,0
1841,1,0
1842,1,0
1843,1,0
1844,1,0
1845,1,0
1846,1,0
1847,1,0
1848,1,0
1849,1,0
1850,1,0
1851,1,0
1852,1,0
1853,1,0
1854,1,0
1855,1,0
1856,1,0
1857,1,0
1858,1,0
1859,1,0
1860,1,0
1861,1,0
1862,1,0
1863,1,0
1864,1,0
1865,1,0
1866,1,0
1867,1,0
1868,1,0
1869,1,0
1870,1,0
1871,1,0
1872,1,0
1873,1,0
1874,1,0
1875,1,0
1876,1,0
1877,1,0
1878,1,0
1879,1,0
1880,1,0
1881,1,0
1882,1,0
1883,1,0
1884,1,0
1885,1,0
1886,1,0
1887,1,0
1888,1,0
1889,1,0
1890,1,0
1891,1,0
1892,1,0
1893,1,0
1894,1,0
1895,1,0
1896,1,0
1897,1,0
1898,1,0
1899,1,0
1900,1,0
1901,1,0
1902,1,0
1903,1,0
1904,1,0
1905,1,0
1906,1,0
1907,1,0
1908,1,0
1909,1,0
1910,1,0
1911,1,0
1912,1,0
1913,1,0
1914,1,0
1915,1,0
1916,1,0
1917,1,0
1918,1,0
1919,1,0
1920,1,0
1921,1,0
1922,1,0
1923,1,0
1924,1,0
1925,1,0
1926,1,0
1927,1,0
1928,1,0
1929,1,0
1930,1,0
1931,1,0
1932,1,0
1933,1,0
1934,1,0
1935,1,0
1936,1,0
1937,1,0
1938,1,0
1939,1,0
1940,1,0
1941,1,0
1942,1,0
1943,1,0
1944,1,0
1945,1,0
1946,1,0
1947,1,0
1948,1,0
1949,1,0
1950,1,0
1951,1,0
1952,1,0
1953,1,0
1954,1,0
1955,1,0
1956,1,0
1957,1,0
1958,1,0
1959,1,0
1960,1,0
1961,1,0
1962,1,0
1963,1,0
1964,1,0
1965,1,0
1966,1,0
1967,1,0
1968,1,0
1969,1,0
1970,1,0
1971,1,0
1972,1,0
1973,1,0
1974,1,0
1975,1,0
1976,1,0
1977,1,0
1978,1,0
1979,1,0
1980,1,0
1981,1,0
1982,1,0
1983,1,0
1984,1,0
1985,1,0
1986,1,0
1987,1,0
1988,1,0
1989,1,0
1990,1,0
1991,1,0
1992,1,0
1993,1,0
1994,1,0
1995,1,0
1996,1,0
1997,1,0
1998,1,0
1999,1,0
2000,1,0
2001,1,0
2002,1,0
2003,1,0
2004,1,0
2005,1,0
2006,1,0
2007,1,0
2008,1,0
2009,1,0
2010,1,0
2011,1,0
2012,1,0
2013,1,0
2014,1,0
2015,1,0
2016,1,0
2017,1,0
2018,1,0
2019,1,0
2020,1,0
2021,1,0
2022,1,0
2023,1,0
2024,1,0
2025,1,0
2026,1,0
2027,1,0
2028,1,0
2029,1,0
2030,1,0
2031,1,0
2032,1,0
2033,1,0
2034,1,0
2035,1,0
2036,1,0
2037,1,0
2038,1,0
2039,1,0
2040,1,0
2041,1,0
2042,1,0
2043,1,0
2044,1,0
2045,1,0
2046,1,0
2047,1,0
2048,1,0
2049,1,0
2050,1,0
2051,1,0
2052,1,0
2053,1,0
2054,1,0
2055,1,0
2056,1,0
2057,1,0
2058,1,0
2059,1,0
2060,1,0
2061,1,0
2062,1,0
2063,1,0
2064,1,0
2065,1,0
2066,1,0
2067,1,0
2068,1,0
2069,1,0
2070,1,0
2071,1,0
2072,1,0
2073,1,0
2074,1,0
2075,1,0
2076,1,0
2077,1,0
2078,1,0
2079,1,0
2080,1,0
2081,1,0
2082,1,0
2083,1,0
2084,1,0
2085,1,0
2086,1,0
2087,1,0
2088,1,0
2089,1,0
2090,1,0
2091,1,0
2092,1,0
2093,1,0
2094,1,0
2095,1,0
2096,1,0
2097,1,0
2098,1,0
2099,1,0
2100,1,0
2101,1,0
2102,1,0
2103,1,0
2104,1,0
2105,1,0
2106,1,0
2107,1,0
2108,1,0
2109,1,0
2110,1,0
2111,1,0
2112,1,0
2113,1,0
2114,1,0
2115,1,0
2116,1,0
2117,1,0
2118,1,0
2119,1,0
2120,1,0
2121,1,0
2122,1,0
2123,1,0
2124,1,0
2125,1,0
2126,1,0
2127,1,0
2128,1,0
2129,1,0
2130,1,0
2131,1,0
2132,1,0
2133,1,0
2134,1,0
2135,1,0
2136,1,0
2137,1,0
2138,1,0
2139,1,0
2140,1,0
2141,1,0
2142,1,0
2143,1,0
2144,1,0
2145,1,0
2146,1,0
2147,1,0
2148,1,0
2149,1,0
2150,1,0
2151,1,0
2152,1,0
2153,1,0
2154,1,0
2155,1,0
2156,1,0
2157,1,0
2158,1,0
2159,1,0
2160,1,0
2161,1,0
2162,1,0
2163,1,0
2164,1,0
2165,1,0
2166,1,0
2167,1,0
2168,1,0
2169,1,0
2170,1,0
2171,1,0
2172,1,0
2173,1,0
2174,1,0
2175,1,0
2176,1,0
2177,1,0
2178,1,0
2179,1,0
2180,1,0
2181,1,0
2182,1,0
2183,1,0
2184,1,0
2185,1,0
2186,1,0
2187,1,0
2188,1,0
2189,1,0
2190,1,0
2191,1,0
2192,1,0
2193,1,0
2194,1,0
2195,1,0
2196,1,0
2197,1,0
2198,1,0
2199,1,0
2200,1,0
2201,1,0
2202,1,0
2203,1,0
2204,1,0
2205,1,0
2206,1,0
2207,1,0
2208,1,0
2209,1,0
2210,1,0
2211,1,0
2212,1,0
2213,1,0
2214,1,0
2215,1,0
2216,1,0
2217,1,0
2218,1,0
2219,1,0
2220,1,0
2221,1,0
2222,1,0
2223,1,0
2224,1,0
2225,1,0
2226,1,0
2227,1,0
2228,1,0
2229,1,0
2230,1,0
2231,1,0
2232,1,0
2233,1,0
2234,1,0
2235,1,0
2236,1,0
2237,1,0
2238,1,0
2239,1,0
2240,1,0
2241,1,0
2242,1,0
2243,1,0
2244,1,0
2245,1,0
2246,1,0
2247,1,0
2248,1,0
2249,1,0
2250,1,0
2251,1,0
2252,1,0
2253,1,0
2254,1,0
2255,1,0
2256,1,0
2257,1,0
2258,1,0
2259,1,0
2260,1,0
2261,1,0
2262,1,0
2263,1,0
2264,1,0
2265,1,0
2266,1,0
2267,1,0
2268,1,0
2269,1,0
2270,1,0
2271,1,0
2272,1,0
2273,1,0
2274,1,0
2275,1,0
2276,1,0
2277,1,0
2278,1,0
2279,1,0
2280,1,0
2281,1,0
2282,1,0
2283,1,0
2284,1,0
2285,1,0
2286,1,0
2287,1,0
2288,1,0
2289,1,0
2290,1,0
2291,1,0
2292,1,0
2293,1,0
2294,1,0
2295,1,0
2296,1,0
2297,1,0
2298,1,0
2299,1,0
2300,1,0
2301,1,0
2302,1,0
2303,1,0
2304,1,0
2305,1,0
2306,1,0
2307,1,0
2308,1,0
2309,1,0
2310,1,0
2311,1,0
2312,1,0
2313,1,0
2314,1,0
2315,1,0
2316,1,0
2317,1,0
2318,1,0
2319,1,0
2320,1,0
2321,1,0
2322,1,0
2323,1,0
2324,1,0
2325,1,0
2326,1,0
2327,1,0
2328,1,0
2329,1,0
2330,1,0
2331,1,0
2332,1,0
2333,1,0
2334,1,0
2335,1,0
2336,1,0
2337,1,0
2338,1,0
2339,1,0
2340,1,0
2341,1,0
2342,1,0
2343,1,0
2344,1,0
2345,1,0
2346,1,0
2347,1,0
2348,1,0
2349,1,0
2350,1,0
2351,1,0
2352,1,0
2353,1,0
2354,1,0
2355,1,0
2356,1,0
2357,1,0
2358,1,0
2359,1,0
2360,1,0
2361,1,0
2362,1,0
2363,1,0
2364,1,0
2365,1,0
2366,1,0
2367,1,0
2368,1,0
2369,1,0
2370,1,0
2371,1,0
2372,1,0
2373,1,0
2374,1,0
2375,1,0
2376,1,0
2377,1,0
2378,1,0
2379,1,0
2380,1,0
2381,1,0
2382,1,0
2383,1,0
2384,1,0
2385,1,0
2386,1,0
2387,1,0
2388,1,0
2389,1,0
2390,1,0
2391,1,0
2392,1,0
2393,1,0
2394,1,0
2395,1,0
2396,1,0
2397,1,0
2398,1,0
2399,1,0
2400,1,0
2401,1,0
2402,1,0
2403,2,0
2404,2,0
2405,2,0
2406,2,0
2407,2,0
2408,2,0
2409,2,0
2410,2,0
2411,2,0
2412,2,0
2413,2,0
2414,2,0
2415,2,0
2416,2,0
2417,2,0
2418,2,0
2419,2,0
2420,2,0
2421,2,0
2422,2,0
2423,2,0
2424,2,0
2425,2,0
2426,2,0
2427,2,0
2428,2,0
2429,2,0
2430,2,0
2431,2,0
2432,2,0
2433,2,0
2434,2,0
2435,2,0
2436,2,0
2437,2,0
2438,2,0
2439,2,0
2440,2,0
2441,2,0
2442,2,0
2443,2,0
2444,2,0
2445,2,0
2446,2,0
2447,2,0
2448,2,0
2449,2,0
2450,2,0
2451,2,0
2452,2,0
2453,2,0
2454,2,0
2455,2,0
2456,2,0
2457,2,0
2458,2,0
2459,2,0
2460,2,0
2461,2,0
2462,2,0
2463,2,0
2464,2,0
2465,2,0
2466,2,0
2467,2,0
2468,2,0
2469,2,0
2470,2,0
2471,2,0
2472,2,0
2473,2,0
2474,2,0
2475,2,0
2476,2,0
2477,2,0
2478,2,0
2479,2,0
2480,2,0
2481,2,0
2482,2,0
2483,2,0
2484,2,0
2485,2,0
2486,2,0
2487,2,0
2488,2,0
2489,2,0
2490,2,0
2491,2,0
2492,2,0
2493,2,0
2494,2,0
2495,2,0
2496,2,0
2497,2,0
2498,2,0
2499,2,0
2500,2,0
2501,2,0
2502,2,0
2503,2,0
2504,2,0
2505,2,0
2506,2,0
2507,2,0
2508,2,0
2509,2,0
2510,2,0
2511,2,0
2512,2,0
2513,2,0
2514,2,0
2515,2,0
2516,2,0
2517,2,0
2518,2,0
2519,2,0
2520,2,0
2521,2,0
2522,2,0
2523,2,0
2524,2,0
2525,2,0
2526,2,0
2527,2,0
2528,2,0
2529,2,0
2530,2,0
2531,2,0
2532,2,0
2533,2,0
2534,2,0
2535,2,0
2536,2,0
2537,2,0
2538,2,0
2539,2,0
2540,2,0
2541,2,0
2542,2,0
2543,2,0
2544,2,0
2545,2,0
2546,2,0
2547,2,0
2548,2,0
2549,2,0
2550,2,0
2551,2,0
2552,2,0
2553,2,0
2554,2,0
2555,2,0
2556,2,0
2557,2,0
2558,2,0
2559,2,0
2560,2,0
2561,2,0
2562,2,0
2563,2,0
2564,2,0
2565,2,0
2566,2,0
2567,2,0
2568,2,0
2569,2,0
2570,2,0
2571,2,0
2572,2,0
2573,2,0
2574,2,0
2575,2,0
2576,2,0
2577,2,0
2578,2,0
2579,2,0
2580,2,0
2581,2,0
2582,2,0
2583,2,0
2584,2,0
2585,2,0
2586,2,0
2587,2,0
2588,2,0
2589,2,0
2590,2,0
2591,2,0
2592,2,0
2593,2,0
2594,2,0
2595,2,0
2596,2,0
2597,2,0
2598,2,0
2599,2,0
2600,2,0
2601,2,0
2602,2,0
2603,2,0
2604,2,0
2605,2,0
2606,2,0
2607,2,0
2608,2,0
2609,2,0
2610,2,0
2611,2,0
2612,2,0
2613,2,0
2614,2,0
2615,2,0
2616,2,0
2617,2,0
2618,2,0
2619,2,0
2620,2,0
2621,2,0
2622,2,0
2623,2,0
2624,2,0
2625,2,0
2626,2,0
2627,2,0
2628,2,0
2629,2,0
2630,2,0
2631,2,0
2632,2,0
2633,2,0
2634,2,0
2635,2,0
2636,2,0
2637,2,0
2638,2,0
2639,2,0
2640,2,0
2641,2,0
2642,2,1
2643,2,1
2644,2,1
2645,2,1
2646,2,0
2647,2,1
2648,2,1
2649,2,0
2650,2,1
2651,2,1
2652,2,1
2653,2,1
2654,2,1
2655,2,1
2656,2,1
2657,2,1
2658,2,1
2659,2,0
2660,2,1
2661,2,1
2662,2,1
2663,2,0
2664,2,1
2665,2,1
2666,2,1
2667,2,1
2668,2,1
2669,2,0
2670,2,0
2671,2,0
2672,2,0
2673,2,0
2674,2,0
2675,2,0
2676,2,0
2677,2,0
2678,2,0
2679,2,0
2680,2,0
2681,2,0
2682,2,0
2683,2,0
2684,2,0
2685,2,0
2686,2,0
2687,2,0
2688,2,0
2689,2,0
2690,2,0
2691,2,0
2692,2,0
2693,2,0
2694,2,0
2695,2,0
2696,2,0
2697,2,0
2698,2,0
2699,2,0
2700,2,0
2701,2,0
2702,2,0
2703,2,0
2704,2,0
2705,2,0
2706,2,0
2707,2,0
2708,2,0
2709,2,0
2710,2,0
2711,2,0
2712,2,0
2713,2,0
2714,2,0
2715,2,0
2716,2,0
2717,2,0
2718,2,0
2719,2,0
2720,2,0
2721,2,0
2722,2,0
2723,2,0
2724,2,0
2725,2,0
2726,2,0
2727,2,0
2728,2,0
2729,2,0
2730,2,0
2731,2,0
2732,2,0
2733,2,0
2734,2,0
2735,2,0
2736,2,0
2737,2,0
2738,2,0
2739,2,0
2740,2,0
2741,2,0
2742,2,0
2743,2,0
2744,2,0
2745,2,0
2746,2,0
2747,2,0
2748,2,0
2749,2,0
2750,2,0
2751,2,0
2752,2,0
2753,2,0
2754,2,0
2755,2,0
2756,2,0
2757,2,0
2758,2,0
2759,2,0
2760,2,0
2761,2,0
2762,2,0
2763,2,0
2764,2,0
2765,2,0
2766,2,0
2767,2,0
2768,2,0
2769,2,0
2770,2,0
2771,2,0
2772,2,0
2773,2,0
2774,2,0
2775,2,0
2776,2,0
2777,2,0
2778,2,0
2779,2,0
2780,2,0
2781,2,0
2782,2,0
2783,2,0
2784,2,0
2785,2,0
2786,2,0
2787,2,0
2788,2,0
2789,2,0
2790,2,0
2791,2,0
2792,2,0
2793,2,0
2794,2,0
2795,2,0
2796,2,0
2797,2,0
2798,2,0
2799,2,0
2800,2,0
2801,2,0
2802,2,0
2803,2,0
2804,2,0
2805,2,0
2806,2,0
2807,2,0
2808,2,0
2809,2,0
2810,2,0
2811,2,0
2812,2,0
2813,2,0
2814,2,0
2815,2,0
2816,2,0
2817,2,0
2818,2,0
2819,2,0
2820,2,0
2821,2,0
2822,2,0
2823,2,0
2824,2,0
2825,2,0
2826,2,0
2827,2,0
2828,2,0
2829,2,0
2830,2,0
2831,2,0
2832,2,0
2833,2,0
2834,2,0
2835,2,0
2836,2,0
2837,2,0
2838,2,0
2839,2,0
2840,2,0
2841,2,0
2842,2,0
2843,2,0
2844,2,0
2845,2,0
2846,2,0
2847,2,0
2848,2,0
2849,2,0
2850,2,0
2851,2,0
2852,2,0
2853,2,0
2854,2,0
2855,2,0
2856,2,0
2857,2,0
2858,2,0
2859,2,0
2860,2,0
2861,2,0
2862,2,0
2863,2,0
2864,2,0
2865,2,0
2866,2,0
2867,2,0
2868,2,0
2869,2,0
2870,2,0
2871,2,0
2872,2,0
2873,2,0
2874,2,0
2875,2,0
2876,2,0
2877,2,0
2878,2,0
2879,2,0
2880,2,0
2881,2,0
2882,2,0
2883,2,0
2884,2,0
2885,2,0
2886,2,0
2887,2,0
2888,2,0
2889,2,0
2890,2,0
2891,2,0
2892,2,0
2893,2,0
2894,2,0
2895,2,0
2896,2,0
2897,2,0
2898,2,0
2899,2,0
2900,2,0
2901,2,0
2902,2,0
2903,2,0
2904,2,0
2905,2,0
2906,2,0
2907,2,0
2908,2,0
2909,2,0
2910,2,0
2911,2,0
2912,2,0
2913,2,0
2914,2,0
2915,2,0
2916,2,0
2917,2,0
2918,2,0
2919,2,0
2920,2,0
2921,2,0
2922,2,0
2923,2,0
2924,2,0
2925,2,0
2926,2,0
2927,2,0
2928,2,0
2929,2,0
2930,2,0
2931,2,0
2932,2,0
2933,2,0
2934,2,0
2935,2,0
2936,2,0
2937,2,0
2938,2,0
2939,2,0
2940,2,0
2941,2,0
2942,2,0
2943,2,0
2944,2,0
2945,2,0
2946,2,0
2947,2,0
2948,2,0
2949,2,0
2950,2,0
2951,2,0
2952,2,0
2953,2,0
2954,2,0
2955,2,0
2956,2,0
2957,2,0
2958,2,0
2959,2,0
2960,2,0
2961,2,0
2962,2,0
2963,2,0
2964,2,0
2965,2,0
2966,2,0
2967,2,0
2968,2,0
2969,2,0
2970,2,0
2971,2,0
2972,2,0
2973,2,0
2974,2,0
2975,2,0
2976,2,0
2977,2,0
2978,2,0
2979,2,0
2980,2,0
2981,2,0
2982,2,0
2983,2,0
2984,2,0
2985,2,0
2986,2,0
2987,2,0
2988,2,0
2989,2,0
2990,2,0
2991,2,0
2992,2,0
2993,2,0
2994,2,0
2995,2,0
2996,2,0
2997,2,0
2998,2,0
2999,2,0
3000,2,0
3001,2,0
3002,2,0
3003,2,0
3004,2,0
3005,2,0
3006,2,0
3007,2,0
3008,2,0
3009,2,0
3010,2,0
3011,2,0
3012,2,0
3013,2,0
3014,2,0
3015,2,0
3016,2,0
3017,2,0
3018,2,0
3019,2,0
3020,2,0
3021,2,0
3022,2,0
3023,2,0
3024,2,0
3025,2,0
3026,2,0
3027,2,0
3028,2,0
3029,2,0
3030,2,0
3031,2,0
3032,2,0
3033,2,0
3034,2,0
3035,2,0
3036,2,0
3037,2,0
3038,2,0
3039,2,0
3040,2,0
3041,2,0
3042,2,0
3043,2,0
3044,2,0
3045,2,0
3046,2,0
3047,2,0
3048,2,0
3049,2,0
3050,2,0
3051,2,0
3052,2,0
3053,2,0
3054,2,0
3055,2,0
3056,2,0
3057,2,0
3058,2,0
3059,2,0
3060,2,0
3061,2,0
3062,2,0
3063,2,0
3064,2,0
3065,2,0
3066,2,0
3067,2,0
3068,2,0
3069,2,0
3070,2,0
3071,2,0
3072,2,0
3073,2,0
3074,2,0
3075,2,0
3076,2,0
3077,2,0
3078,2,0
3079,2,0
3080,2,0
3081,2,0
3082,2,0
3083,2,0
3084,2,0
3085,2,0
3086,2,0
3087,2,0
3088,2,0
3089,2,0
3090,2,0
3091,2,0
3092,2,0
3093,2,0
3094,2,0
3095,2,0
3096,2,0
3097,2,0
3098,2,0
3099,2,0
3100,2,0
3101,2,0
3102,2,0
3103,2,0
3104,2,0
3105,2,0
3106,2,0
3107,2,0
3108,2,0
3109,2,0
3110,2,0
3111,2,0
3112,2,0
3113,2,0
3114,2,0
3115,2,0
3116,2,0
3117,2,0
3118,2,0
3119,2,0
3120,2,0
3121,2,0
3122,2,0
3123,2,0
3124,2,0
3125,2,0
3126,2,0
3127,2,0
3128,2,0
3129,2,0
3130,2,0
3131,2,0
3132,2,0
3133,2,0
3134,2,0
3135,2,0
3136,2,0
3137,2,0
3138,2,0
3139,2,0
3140,2,0
3141,2,0
3142,2,0
3143,2,0
3144,2,0
3145,2,0
3146,2,0
3147,2,0
3148,2,0
3149,2,0
3150,2,0
3151,2,0
3152,2,0
3153,2,0
3154,2,0
3155,2,0
3156,2,0
3157,2,0
3158,2,0
3159,2,0
3160,2,0
3161,2,0
3162,2,0
3163,2,0
3164,2,0
3165,2,0
3166,2,0
3167,2,0
3168,2,0
3169,2,0
3170,2,0
3171,2,0
3172,2,0
3173,2,0
3174,2,0
3175,2,0
3176,2,0
3177,2,0
3178,2,0
3179,2,0
3180,2,0
3181,2,0
3182,2,0
3183,2,0
3184,2,0
3185,2,0
3186,2,0
3187,2,0
3188,2,0
3189,2,0
3190,2,0
3191,2,0
3192,2,0
3193,2,0
3194,2,0
3195,2,0
3196,2,0
3197,2,0
3198,2,0
3199,2,0
3200,2,0
3201,2,0
3202,2,0
3203,2,0
3204,2,0
3205,2,0
3206,2,0
3207,2,0
3208,2,0
3209,2,0
3210,2,0
3211,2,0
3212,2,0
3213,2,0
3214,2,0
3215,2,0
3216,2,0
3217,2,0
3218,2,0
3219,2,0
3220,2,0
3221,2,0
3222,2,0
3223,2,0
3224,2,0
3225,2,0
3226,2,0
3227,2,0
3228,2,0
3229,2,0
3230,2,0
3231,2,0
3232,2,0
3233,2,0
3234,2,0
3235,2,0
3236,2,0
3237,2,0
3238,2,0
3239,2,0
3240,2,0
3241,2,0
3242,2,0
3243,2,0
3244,2,0
3245,2,0
3246,2,0
3247,2,0
3248,2,0
3249,2,0
3250,2,0
3251,2,0
3252,2,0
3253,2,0
3254,2,0
3255,2,0
3256,2,0
3257,2,0
3258,2,0
3259,2,0
3260,2,0
3261,2,0
3262,2,0
3263,2,0
3264,2,0
3265,2,0
3266,2,0
3267,2,0
3268,2,0
3269,2,0
3270,2,0
3271,2,0
3272,2,0
3273,2,0
3274,2,0
3275,2,0
3276,2,0
3277,2,0
3278,2,0
3279,2,0
3280,2,0
3281,2,0
3282,2,0
3283,2,0
3284,2,0
3285,2,0
3286,2,0
3287,2,0
3288,2,0
3289,2,0
3290,2,0
3291,2,0
3292,2,0
3293,2,0
3294,2,0
3295,2,0
3296,2,0
3297,2,0
3298,2,0
3299,2,0
3300,2,0
3301,2,0
3302,2,0
3303,2,0
3304,2,0
3305,2,0
3306,2,0
3307,2,0
3308,2,0
3309,2,0
3310,2,0
3311,2,0
3312,2,0
3313,2,0
3314,2,0
3315,2,0
3316,2,0
3317,2,0
3318,2,0
3319,2,0
3320,2,0
3321,2,0
3322,2,0
3323,2,0
3324,2,0
3325,2,0
3326,2,0
3327,2,0
3328,2,0
3329,2,0
3330,2,0
3331,2,0
3332,2,0
3333,2,0
3334,2,0
3335,2,0
3336,2,0
3337,2,0
3338,2,0
3339,2,0
3340,2,0
3341,2,0
3342,2,0
3343,2,0
3344,2,0
3345,2,0
3346,2,0
3347,2,0
3348,2,0
3349,2,0
3350,2,0
3351,2,0
3352,2,0
3353,2,0
3354,2,0
3355,2,0
3356,2,0
3357,2,0
3358,2,0
3359,2,0
3360,2,0
3361,2,0
3362,2,0
3363,2,0
3364,2,0
3365,2,0
3366,2,0
3367,2,0
3368,2,0
3369,2,0
3370,2,0
3371,2,0
3372,2,0
3373,2,0
3374,2,0
3375,2,0
3376,2,0
3377,2,0
3378,2,0
3379,2,0
3380,2,0
3381,2,0
3382,2,0
3383,2,0
3384,2,0
3385,2,0
3386,2,0
3387,2,0
3388,2,0
3389,2,0
3390,2,0
3391,2,0
3392,2,0
3393,2,0
3394,2,0
3395,2,0
3396,2,0
3397,2,0
3398,2,0
3399,2,0
3400,2,0
3401,2,0
3402,2,0
3403,2,0
3404,2,0
3405,2,0
3406,2,0
3407,2,0
3408,2,0
3409,2,0
3410,2,0
3411,2,0
3412,2,0
3413,2,0
3414,2,0
3415,2,0
3416,2,0
3417,2,0
3418,2,0
3419,2,0
3420,2,0
3421,2,0
3422,2,0
3423,2,0
3424,2,0
3425,2,0
3426,2,0
3427,2,0
3428,2,0
3429,2,0
3430,2,0
3431,2,0
3432,2,0
3433,2,0
3434,2,0
3435,2,0
3436,2,0
3437,2,0
3438,2,0
3439,2,0
3440,2,0
3441,2,0
3442,2,0
3443,2,0
3444,2,0
3445,2,0
3446,2,0
3447,2,0
3448,2,0
3449,2,0
3450,2,0
3451,2,0
3452,2,0
3453,2,0
3454,2,0
3455,2,0
3456,2,0
3457,2,0
3458,2,0
3459,2,0
3460,2,0
3461,2,0
3462,2,0
3463,2,0
3464,2,0
3465,2,0
3466,2,0
3467,2,0
3468,2,0
3469,2,0
3470,2,0
3471,2,0
3472,2,0
3473,2,0
3474,2,0
3475,2,0
3476,2,0
3477,2,0
3478,2,0
3479,2,0
3480,2,0
3481,2,0
3482,2,0
3483,2,0
3484,2,0
3485,2,0
3486,2,0
3487,2,0
3488,2,0
3489,2,0
3490,2,0
3491,2,0
3492,2,0
3493,2,0
3494,2,0
3495,2,0
3496,2,0
3497,2,0
3498,2,0
3499,2,0
3500,2,0
3501,3,0
3502,3,0
3503,3,0
3504,3,0
3505,3,0
3506,3,0
3507,3,0
3508,3,0
3509,3,0
3510,3,0
3511,3,0
3512,3,0
3513,3,0
3514,3,0
3515,3,0
3516,3,0
3517,3,0
3518,3,0
3519,3,0
3520,3,0
3521,3,0
3522,3,0
3523,3,0
3524,3,0
3525,3,0
3526,3,0
3527,3,0
3528,3,0
3529,3,0
3530,3,0
3531,3,0
3532,3,0
3533,3,0
3534,3,0
3535,3,0
3536,3,0
3537,3,0
3538,3,0
3539,3,0
3540,3,0
3541,3,0
3542,3,0
3543,3,0
3544,3,0
3545,3,0
3546,3,0
3547,3,0
3548,3,0
3549,3,0
3550,3,0
3551,3,0
3552,3,0
3553,3,0
3554,3,0
3555,3,0
3556,3,0
3557,3,0
3558,3,0
3559,3,0
3560,3,0
3561,3,0
3562,3,0
3563,3,0
3564,3,0
3565,3,0
3566,3,0
3567,3,0
3568,3,0
3569,3,0
3570,3,0
3571,3,0
3572,3,0
3573,3,0
3574,3,0
3575,3,0
3576,3,0
3577,3,0
3578,3,0
3579,3,0
3580,3,0
3581,3,0
3582,3,0
3583,3,0
3584,3,0
3585,3,0
3586,3,0
3587,3,0
3588,3,0
3589,3,0
3590,3,0
3591,3,0
3592,3,0
3593,3,0
3594,3,0
3595,3,0
3596,3,0
3597,3,0
3598,3,0
3599,3,0
3600,3,0
3601,3,0
3602,3,0
3603,3,0
3604,3,0
3605,3,0
3606,3,0
3607,3,0
3608,3,0
3609,3,0
3610,3,0
3611,3,0
3612,3,0
3613,3,0
3614,3,0
3615,3,0
3616,3,0
3617,3,0
3618,3,0
3619,3,0
3620,3,0
3621,3,0
3622,3,0
3623,3,0
3624,3,0
3625,3,0
3626,3,0
3627,3,0
3628,3,0
3629,3,0
3630,3,0
3631,3,0
3632,3,0
3633,3,0
3634,3,0
3635,3,0
3636,3,0
3637,3,0
3638,3,0
3639,3,0
3640,3,0
3641,3,0
3642,3,0
3643,3,0
3644,3,0
3645,3,0
3646,3,0
3647,3,0
3648,3,0
3649,3,0
3650,3,0
3651,3,0
3652,3,0
3653,3,0
3654,3,0
3655,3,0
3656,3,0
3657,3,0
3658,3,0
3659,3,0
3660,3,0
3661,3,0
3662,3,0
3663,3,0
3664,3,0
3665,3,0
3666,3,0
3667,3,0
3668,3,0
3669,3,0
3670,3,0
3671,3,0
3672,3,0
3673,3,0
3674,3,0
3675,3,0
3676,3,0
3677,3,0
3678,3,0
3679,3,0
3680,3,0
3681,3,0
3682,3,0
3683,3,0
3684,3,0
3685,3,0
3686,3,0
3687,3,0
3688,3,0
3689,3,0
3690,3,0
3691,3,0
3692,3,0
3693,3,0
3694,3,0
3695,3,0
3696,3,0
3697,3,0
3698,3,0
3699,3,0
3700,3,0
3701,3,0
3702,3,0
3703,3,0
3704,3,0
3705,3,0
3706,3,0
3707,3,0
3708,3,0
3709,3,0
3710,3,0
3711,3,0
3712,3,0
3713,3,0
3714,3,0
3715,3,0
3716,3,0
3717,3,0
3718,3,0
3719,3,0
3720,3,0
3721,3,0
3722,3,0
3723,3,0
3724,3,0
3725,3,0
3726,3,0
3727,3,0
3728,3,0
3729,3,0
3730,3,0
3731,3,0
3732,3,0
3733,3,0
3734,3,0
3735,3,0
3736,3,0
3737,3,0
3738,3,0
3739,3,0
3740,3,0
3741,3,0
3742,3,0
3743,3,0
3744,3,0
3745,3,0
3746,3,0
3747,3,0
3748,3,0
3749,3,0
3750,3,0
3751,3,0
3752,3,0
3753,3,0
3754,3,0
3755,3,0
3756,3,0
3757,3,0
3758,3,0
3759,3,0
3760,3,0
3761,3,0
3762,3,0
3763,3,0
3764,3,0
3765,3,0
3766,3,0
3767,3,0
3768,3,0
3769,3,0
3770,3,0
3771,3,0
3772,3,0
3773,3,0
3774,3,0
3775,3,0
3776,3,0
3777,3,0
3778,3,0
3779,3,0
3780,3,0
3781,3,0
3782,3,0
3783,3,0
3784,3,0
3785,3,0
3786,3,0
3787,3,0
3788,3,0
3789,3,0
3790,3,0
3791,3,0
3792,3,0
3793,3,0
3794,3,0
3795,3,0
3796,3,0
3797,3,0
3798,3,0
3799,3,0
3800,3,0
3801,3,0
3802,3,0
3803,3,0
3804,3,0
3805,3,0
3806,3,0
3807,3,0
3808,3,0
3809,3,0
3810,3,0
3811,3,0
3812,3,0
3813,3,0
3814,3,0
3815,3,0
3816,3,0
3817,3,0
3818,3,0
3819,3,0
3820,3,0
3821,3,0
3822,3,0
3823,3,0
3824,3,0
3825,3,0
3826,3,0
3827,3,0
3828,3,0
3829,3,0
3830,3,0
3831,3,0
3832,3,0
3833,3,0
3834,3,0
3835,3,0
3836,3,0
3837,3,0
3838,3,0
3839,3,0
3840,3,0
3841,3,0
3842,3,0
3843,3,0
3844,3,0
3845,3,0
3846,3,0
3847,3,0
3848,3,0
3849,3,0
3850,3,0
3851,3,0
3852,3,0
3853,3,0
3854,3,0
3855,3,0
3856,3,0
3857,3,0
3858,3,0
3859,3,0
3860,3,0
3861,3,0
3862,3,0
3863,3,0
3864,3,0
3865,3,0
3866,3,0
3867,3,0
3868,3,0
3869,3,0
3870,3,0
3871,3,0
3872,3,0
3873,3,0
3874,3,0
3875,3,0
3876,3,0
3877,3,0
3878,3,0
3879,3,0
3880,3,0
3881,3,0
3882,3,0
3883,3,0
3884,3,0
3885,3,0
3886,3,0
3887,3,0
3888,3,0
3889,3,0
3890,3,0
3891,3,0
3892,3,0
3893,3,0
3894,3,0
3895,3,0
3896,3,0
3897,3,0
3898,3,0
3899,3,0
3900,3,0
3901,3,0
3902,3,0
3903,3,0
3904,3,0
3905,3,0
3906,3,0
3907,3,0
3908,3,0
3909,3,0
3910,3,0
3911,3,0
3912,3,0
3913,3,0
3914,3,0
3915,3,0
3916,3,0
3917,3,0
3918,3,0
3919,3,0
3920,3,0
3921,3,0
3922,3,0
3923,3,0
3924,3,0
3925,3,0
3926,3,0
3927,3,0
3928,3,0
3929,3,0
3930,3,0
3931,3,0
3932,3,0
3933,3,0
3934,3,0
3935,3,0
3936,3,0
3937,3,0
3938,3,0
3939,3,0
3940,3,1
3941,3,1
3942,3,1
3943,3,1
3944,3,1
3945,3,1
3946,3,1
3947,3,1
3948,3,1
3949,3,1
3950,3,1
3951,3,1
3952,3,1
3953,3,1
3954,3,1
3955,3,1
3956,3,1
3957,3,1
3958,3,1
3959,3,1
3960,3,1
3961,3,1
3962,3,1
3963,3,1
3964,3,1
3965,3,1
3966,3,0
3967,3,0
3968,3,0
3969,3,0
3970,3,0
3971,3,0
3972,3,0
3973,3,0
3974,3,0
3975,3,0
3976,3,0
3977,3,0
3978,3,0
3979,3,0
3980,3,0
3981,3,0
3982,3,0
3983,3,0
3984,3,0
3985,3,0
3986,3,0
3987,3,0
3988,3,0
3989,3,0
3990,3,0
3991,3,0
3992,3,0
3993,3,0
3994,3,0
3995,3,0
3996,3,0
3997,3,0
3998,3,0
3999,3,0
4000,3,0
4001,3,0
4002,3,0
4003,3,0
4004,3,0
4005,3,0
4006,3,0
4007,3,0
4008,3,0
4009,3,0
4010,3,0
4011,3,0
4012,3,0
4013,3,0
4014,3,0
4015,3,0
4016,3,0
4017,3,0
4018,3,0
4019,3,0
4020,3,0
4021,3,0
4022,3,0
4023,3,0
4024,3,0
4025,3,0
4026,3,0
4027,3,0
4028,3,0
4029,3,0
4030,3,0
4031,3,0
4032,3,0
4033,3,0
4034,3,0
4035,3,0
4036,3,0
4037,3,0
4038,3,0
4039,3,0
4040,3,0
4041,3,0
4042,3,0
4043,3,0
4044,3,0
4045,3,0
4046,3,0
4047,3,0
4048,3,0
4049,3,0
4050,3,0
4051,3,0
4052,3,0
4053,3,0
4054,3,0
4055,3,0
4056,3,0
4057,3,0
4058,3,0
4059,3,0
4060,3,0
4061,3,0
4062,3,0
4063,3,0
4064,3,0
4065,3,0
4066,3,0
4067,3,0
4068,3,0
4069,3,0
4070,3,0
4071,3,0
4072,3,0
4073,3,0
4074,3,0
4075,3,0
4076,3,0
4077,3,0
4078,3,0
4079,3,0
4080,3,0
4081,3,0
4082,3,0
4083,3,0
4084,3,0
4085,3,0
4086,3,0
4087,3,0
4088,3,0
4089,3,0
4090,3,0
4091,3,0
4092,3,0
4093,3,0
4094,3,0
4095,3,0
4096,3,0
4097,3,0
4098,3,0
4099,3,0
4100,3,0
4101,3,0
4102,3,0
4103,3,0
4104,3,0
4105,3,0
4106,3,0
4107,3,0
4108,3,0
4109,3,0
4110,3,0
4111,3,0
4112,3,0
4113,3,0
4114,3,0
4115,3,0
4116,3,0
4117,3,0
4118,3,0
4119,3,0
4120,3,0
4121,3,0
4122,3,0
4123,3,0
4124,3,0
4125,3,0
4126,3,0
4127,3,0
4128,3,0
4129,3,0
4130,3,0
4131,3,0
4132,3,0
4133,3,0
4134,3,0
4135,3,0
4136,3,0
4137,3,0
4138,3,0
4139,3,0
4140,3,0
4141,3,0
4142,3,0
4143,3,0
4144,3,0
4145,3,0
4146,3,0
4147,3,0
4148,3,0
4149,3,0
4150,3,0
4151,3,0
4152,3,0
4153,3,0
4154,3,0
4155,3,0
4156,3,0
4157,3,0
4158,3,0
4159,3,0
4160,3,0
4161,3,0
4162,3,0
4163,3,0
4164,3,0
4165,3,0
4166,3,0
4167,3,0
4168,3,0
4169,3,0
4170,3,0
4171,3,0
4172,3,0
4173,3,0
4174,3,0
4175,3,0
4176,3,0
4177,3,0
4178,3,0
4179,3,0
4180,3,0
4181,3,0
4182,3,0
4183,3,0
4184,3,0
4185,3,0
4186,3,0
4187,3,0
4188,3,0
4189,3,0
4190,3,0
4191,3,0
4192,3,0
4193,3,0
4194,3,0
4195,3,0
4196,3,0
4197,3,0
4198,3,0
4199,3,0
4200,3,0
4201,3,0
4202,3,0
4203,3,0
4204,3,0
4205,3,0
4206,3,0
4207,3,0
4208,3,0
4209,3,0
4210,3,0
4211,3,0
4212,3,0
4213,3,0
4214,3,0
4215,3,0
4216,3,0
4217,3,0
4218,3,0
4219,3,0
4220,3,0
4221,3,0
4222,3,0
4223,3,0
4224,3,0
4225,3,0
4226,3,0
4227,3,0
4228,3,0
4229,3,0
4230,3,0
4231,3,0
4232,3,0
4233,3,0
4234,3,0
4235,3,0
4236,3,0
4237,3,0
4238,3,0
4239,3,0
4240,3,0
4241,3,0
4242,3,0
4243,3,0
4244,3,0
4245,3,0
4246,3,0
4247,3,0
4248,3,0
4249,3,0
4250,3,0
4251,3,0
4252,3,0
4253,3,0
4254,3,0
4255,3,0
4256,3,0
4257,3,0
4258,3,0
4259,3,0
4260,3,0
4261,3,0
4262,3,0
4263,3,0
4264,3,0
4265,3,0
4266,3,0
4267,3,0
4268,3,0
4269,3,0
4270,3,0
4271,3,0
4272,3,0
4273,3,0
4274,3,0
4275,3,0
4276,3,0
4277,3,0
4278,3,0
4279,3,0
4280,3,0
4281,3,0
4282,3,0
4283,3,0
4284,3,0
4285,3,0
4286,3,0
4287,3,0
4288,3,0
4289,3,0
4290,3,0
4291,3,0
4292,3,0
4293,3,0
4294,3,0
4295,3,0
4296,3,0
4297,3,0
4298,3,0
4299,3,0
4300,3,0
4301,3,0
4302,3,0
4303,3,0
4304,3,0
4305,3,0
4306,3,0
4307,3,0
4308,3,0
4309,3,0
4310,3,0
4311,3,0
4312,3,0
4313,3,0
4314,3,0
4315,3,0
4316,3,0
4317,3,0
4318,3,0
4319,3,0
4320,3,0
4321,3,0
4322,3,0
4323,3,0
4324,3,0
4325,3,0
4326,3,0
4327,3,0
4328,3,0
4329,3,0
4330,3,0
4331,3,0
4332,3,0
4333,3,0
4334,3,0
4335,3,0
4336,3,0
4337,3,0
4338,3,0
4339,3,0
4340,3,0
4341,3,0
4342,3,0
4343,3,0
4344,3,0
4345,3,0
4346,3,0
4347,3,0
4348,3,0
4349,3,0
4350,3,0
4351,3,0
4352,3,0
4353,3,0
4354,3,0
4355,3,0
4356,3,0
4357,3,0
4358,3,0
4359,3,0
4360,3,0
4361,3,0
4362,3,0
4363,3,0
4364,3,0
4365,3,0
4366,3,0
4367,3,0
4368,3,0
4369,3,0
4370,3,0
4371,3,0
4372,3,0
4373,3,0
4374,3,0
4375,3,0
4376,3,0
4377,3,0
4378,3,0
4379,3,0
4380,3,0
4381,3,0
4382,3,0
4383,3,0
4384,3,0
4385,3,0
4386,3,0
4387,3,0
4388,3,0
4389,3,0
4390,3,0
4391,3,0
4392,3,0
4393,3,0
4394,3,0
4395,3,0
4396,3,0
4397,3,0
4398,3,0
4399,3,0
4400,3,0
4401,3,0
4402,3,0
4403,3,0
4404,3,0
4405,3,0
4406,3,0
4407,3,0
4408,3,0
4409,3,0
4410,3,0
4411,3,0
4412,3,0
4413,3,0
4414,3,0
4415,3,0
4416,3,0
4417,3,0
4418,3,0
4419,4,0
4420,4,0
4421,4,0
4422,4,0
4423,4,0
4424,4,0
4425,4,0
4426,4,0
4427,4,0
4428,4,0
4429,4,0
4430,4,0
4431,4,0
4432,4,0
4433,4,0
4434,4,0
4435,4,0
4436,4,0
4437,4,0
4438,4,0
4439,4,0
4440,4,0
4441,4,0
4442,4,0
4443,4,0
4444,4,0
4445,4,0
4446,4,0
4447,4,0
4448,4,0
4449,4,0
4450,4,0
4451,4,0
4452,4,0
4453,4,0
4454,4,0
4455,4,0
4456,4,0
4457,4,0
4458,4,0
4459,4,0
4460,4,0
4461,4,0
4462,4,0
4463,4,0
4464,4,0
4465,4,0
4466,4,0
4467,4,0
4468,4,0
4469,4,0
4470,4,0
4471,4,0
4472,4,0
4473,4,0
4474,4,0
4475,4,0
4476,4,0
4477,4,0
4478,4,0
4479,4,0
4480,4,0
4481,4,0
4482,4,0
4483,4,0
4484,4,0
4485,4,0
4486,4,0
4487,4,0
4488,4,0
4489,4,0
4490,4,0
4491,4,0
4492,4,0
4493,4,0
4494,4,0
4495,4,0
4496,4,0
4497,4,0
4498,4,0
4499,4,0
4500,4,0
4501,4,0
4502,4,0
4503,4,0
4504,4,0
4505,4,0
4506,4,0
4507,4,0
4508,4,0
4509,4,0
4510,4,0
4511,4,0
4512,4,0
4513,4,0
4514,4,0
4515,4,0
4516,4,0
4517,4,0
4518,4,0
4519,4,0
4520,4,0
4521,4,0
4522,4,0
4523,4,0
4524,4,0
4525,4,0
4526,4,0
4527,4,0
4528,4,0
4529,4,0
4530,4,0
4531,4,0
4532,4,0
4533,4,0
4534,4,0
4535,4,0
4536,4,0
4537,4,0
4538,4,0
4539,4,0
4540,4,0
4541,4,0
4542,4,0
4543,4,0
4544,4,0
4545,4,0
4546,4,0
4547,4,0
4548,4,0
4549,4,0
4550,4,0
4551,4,0
4552,4,0
4553,4,0
4554,4,0
4555,4,0
4556,4,0
4557,4,0
4558,4,0
4559,4,0
4560,4,0
4561,4,0
4562,4,0
4563,4,0
4564,4,0
4565,4,0
4566,4,0
4567,4,0
4568,4,0
4569,4,0
4570,4,0
4571,4,0
4572,4,0
4573,4,0
4574,4,0
4575,4,0
4576,4,0
4577,4,0
4578,4,0
4579,4,0
4580,4,0
4581,4,0
4582,4,0
4583,4,0
4584,4,0
4585,4,0
4586,4,0
4587,4,0
4588,4,0
4589,4,0
4590,4,0
4591,4,0
4592,4,0
4593,4,0
4594,4,0
4595,4,0
4596,4,0
4597,4,0
4598,4,0
4599,4,0
4600,4,0
4601,4,0
4602,4,0
4603,4,0
4604,4,0
4605,4,0
4606,4,0
4607,4,0
4608,4,0
4609,4,0
4610,4,0
4611,4,0
4612,4,0
4613,4,0
4614,4,0
4615,4,0
4616,4,0
4617,4,0
4618,4,0
4619,4,0
4620,4,0
4621,4,0
4622,4,0
4623,4,0
4624,4,0
4625,4,0
4626,4,0
4627,4,0
4628,4,0
4629,4,0
4630,4,0
4631,4,0
4632,4,0
4633,4,0
4634,4,0
4635,4,0
4636,4,0
4637,4,0
4638,4,0
4639,4,0
4640,4,0
4641,4,0
4642,4,0
4643,4,0
4644,4,0
4645,4,0
4646,4,0
4647,4,0
4648,4,0
4649,4,0
4650,4,0
4651,4,0
4652,4,0
4653,4,0
4654,4,0
4655,4,0
4656,4,0
4657,4,0
4658,4,0
4659,4,0
4660,4,0
4661,4,0
4662,4,0
4663,4,0
4664,4,0
4665,4,0
4666,4,0
4667,4,0
4668,4,0
4669,4,0
4670,4,0
4671,4,0
4672,4,0
4673,4,0
4674,4,0
4675,4,0
4676,4,0
4677,4,0
4678,4,0
4679,4,0
4680,4,0
4681,4,0
4682,4,0
4683,4,0
4684,4,0
4685,4,0
4686,4,0
4687,4,0
4688,4,0
4689,4,0
4690,4,0
4691,4,0
4692,4,0
4693,4,0
4694,4,0
4695,4,0
4696,4,0
4697,4,0
4698,4,0
4699,4,0
4700,4,0
4701,4,0
4702,4,0
4703,4,0
4704,4,0
4705,4,0
4706,4,0
4707,4,0
4708,4,0
4709,4,0
4710,4,0
4711,4,0
4712,4,0
4713,4,0
4714,4,0
4715,4,0
4716,4,0
4717,4,0
4718,4,0
4719,4,0
4720,4,0
4721,4,0
4722,4,0
4723,4,0
4724,4,0
4725,4,0
4726,4,0
4727,4,0
4728,4,0
4729,4,0
4730,4,0
4731,4,0
4732,4,0
4733,4,0
4734,4,0
4735,4,0
4736,4,0
4737,4,0
4738,4,0
4739,4,0
4740,4,0
4741,4,0
4742,4,0
4743,4,0
4744,4,0
4745,4,0
4746,4,0
4747,4,0
4748,4,0
4749,4,0
4750,4,0
4751,4,0
4752,4,0
4753,4,0
4754,4,0
4755,4,0
4756,4,0
4757,4,0
4758,4,0
4759,4,0
4760,4,0
4761,4,0
4762,4,0
4763,4,0
4764,4,0
4765,4,0
4766,4,0
4767,4,0
4768,4,0
4769,4,0
4770,4,0
4771,4,0
4772,4,0
4773,4,0
4774,4,0
4775,4,0
4776,4,0
4777,4,0
4778,4,0
4779,4,0
4780,4,0
4781,4,0
4782,4,0
4783,4,0
4784,4,0
4785,4,0
4786,4,0
4787,4,0
4788,4,0
4789,4,0
4790,4,0
4791,4,0
4792,4,0
4793,4,0
4794,4,0
4795,4,0
4796,4,0
4797,4,0
4798,4,0
4799,4,0
4800,4,0
4801,4,0
4802,4,0
4803,4,0
4804,4,0
4805,4,0
4806,4,0
4807,4,0
4808,4,0
4809,4,0
4810,4,0
4811,4,0
4812,4,0
4813,4,0
4814,4,0
4815,4,0
4816,4,0
4817,4,0
4818,4,0
4819,4,0
4820,4,0
4821,4,0
4822,4,0
4823,4,0
4824,4,0
4825,4,0
4826,4,0
4827,4,0
4828,4,0
4829,4,0
4830,4,0
4831,4,0
4832,4,0
4833,4,0
4834,4,0
4835,4,0
4836,4,0
4837,4,0
4838,4,0
4839,4,0
4840,4,0
4841,4,0
4842,4,0
4843,4,0
4844,4,0
4845,4,0
4846,4,0
4847,4,0
4848,4,0
4849,4,0
4850,4,0
4851,4,0
4852,4,0
4853,4,0
4854,4,0
4855,4,0
4856,4,0
4857,4,0
4858,4,0
4859,4,0
4860,4,0
4861,4,0
4862,4,0
4863,4,0
4864,4,0
4865,4,0
4866,4,0
4867,4,0
4868,4,0
4869,4,0
4870,4,0
4871,4,0
4872,4,0
4873,4,0
4874,4,0
4875,4,0
4876,4,0
4877,4,0
4878,4,0
4879,4,0
4880,4,0
4881,4,0
4882,4,0
4883,4,0
4884,4,0
4885,4,0
4886,4,0
4887,4,0
4888,4,0
4889,4,0
4890,4,0
4891,4,0
4892,4,0
4893,4,0
4894,4,0
4895,4,0
4896,4,0
4897,4,0
4898,4,0
4899,4,0
4900,4,0
4901,4,0
4902,4,0
4903,4,0
4904,4,0
4905,4,0
4906,4,0
4907,4,0
4908,4,0
4909,4,0
4910,4,0
4911,4,0
4912,4,0
4913,4,0
4914,4,0
4915,4,0
4916,4,0
4917,4,1
4918,4,1
4919,4,1
4920,4,1
4921,4,1
4922,4,1
4923,4,1
4924,4,0
4925,4,0
4926,4,0
4927,4,0
4928,4,0
4929,4,0
4930,4,0
4931,4,0
4932,4,0
4933,4,0
4934,4,0
4935,4,0
4936,4,0
4937,4,0
4938,4,0
4939,4,0
4940,4,0
4941,4,0
4942,4,0
4943,4,0
4944,4,0
4945,4,0
4946,4,0
4947,4,0
4948,4,0
4949,4,0
4950,4,0
4951,4,0
4952,4,0
4953,4,0
4954,4,0
4955,4,0
4956,4,0
4957,4,0
4958,4,0
4959,4,0
4960,4,0
4961,4,0
4962,4,0
4963,4,0
4964,4,0
4965,4,0
4966,4,0
4967,4,0
4968,4,0
4969,4,0
4970,4,0
4971,4,0
4972,4,0
4973,4,0
4974,4,0
4975,4,0
4976,4,0
4977,4,0
4978,4,0
4979,4,0
4980,4,0
4981,4,0
4982,4,0
4983,4,0
4984,4,0
4985,4,0
4986,4,0
4987,4,0
4988,4,0
4989,4,0
4990,4,0
4991,4,0
4992,4,0
4993,4,0
4994,4,0
4995,4,0
4996,4,0
4997,4,0
4998,4,0
4999,4,0
5000,4,0
5001,4,0
5002,4,0
5003,4,0
5004,4,0
5005,4,0
5006,4,0
5007,4,0
5008,4,0
5009,4,0
5010,4,0
5011,4,0
5012,4,0
5013,4,0
5014,4,0
5015,4,0
5016,4,0
5017,4,0
5018,4,0
5019,4,0
5020,4,0
5021,4,0
5022,4,0
5023,4,0
5024,4,0
5025,4,0
5026,4,0
5027,4,0
5028,4,0
5029,4,0
5030,4,0
5031,4,0
5032,4,0
5033,4,0
5034,4,0
5035,4,0
5036,4,0
5037,4,0
5038,4,0
5039,4,0
5040,4,0
5041,4,0
5042,4,0
5043,4,0
5044,4,0
5045,4,0
5046,4,0
5047,4,0
5048,4,0
5049,4,0
5050,4,0
5051,4,0
5052,4,0
5053,4,0
5054,4,0
5055,4,0
5056,4,0
5057,4,0
5058,4,0
5059,4,0
5060,4,0
5061,4,0
5062,4,0
5063,4,0
5064,4,0
5065,4,0
5066,4,0
5067,4,0
5068,4,0
5069,4,0
5070,4,0
5071,4,0
5072,4,0
5073,4,0
5074,4,0
5075,4,0
5076,4,0
5077,4,0
5078,4,0
5079,4,0
5080,4,0
5081,4,0
5082,4,0
5083,4,0
5084,4,0
5085,4,0
5086,4,0
5087,4,0
5088,4,0
5089,4,0
5090,4,0
5091,4,0
5092,4,0
5093,4,0
5094,4,0
5095,4,0
5096,4,0
5097,4,0
5098,4,0
5099,4,0
5100,4,0
5101,4,0
5102,4,0
5103,4,0
5104,4,0
5105,4,0
5106,4,0
5107,4,0
5108,4,0
5109,4,0
5110,4,0
5111,4,0
5112,4,0
5113,4,0
5114,4,0
5115,4,0
5116,4,0
5117,4,0
5118,4,0
5119,4,0
5120,4,0
5121,4,0
5122,4,0
5123,4,0
5124,4,0
5125,4,0
5126,4,0
5127,4,0
5128,4,0
5129,4,0
5130,4,0
5131,4,0
5132,4,0
5133,4,0
5134,4,0
5135,4,0
5136,4,0
5137,4,0
5138,4,0
5139,4,0
5140,4,0
5141,4,0
5142,4,0
5143,4,0
5144,4,0
5145,4,0
5146,4,0
5147,4,0
5148,4,0
5149,4,0
5150,4,0
5151,4,0
5152,4,0
5153,4,0
5154,4,0
5155,4,0
5156,4,0
5157,4,0
5158,4,0
5159,4,0
5160,4,0
5161,4,0
5162,4,0
5163,4,0
5164,4,0
5165,4,0
5166,4,0
5167,4,0
5168,4,0
5169,4,0
5170,4,0
5171,4,0
5172,4,0
5173,4,0
5174,4,0
5175,4,0
5176,4,0
5177,4,0
5178,4,0
5179,4,0
5180,4,0
5181,4,0
5182,4,0
5183,4,0
5184,4,0
5185,4,0
5186,4,0
5187,4,0
5188,4,0
5189,4,0
5190,4,0
5191,4,0
5192,4,0
5193,4,0
5194,4,0
5195,4,0
5196,4,0
5197,4,0
5198,4,0
5199,4,0
5200,4,0
5201,4,0
5202,4,0
5203,4,0
5204,4,0
5205,4,0
5206,4,0
5207,4,0
5208,4,0
5209,4,0
5210,4,0
5211,4,0
5212,4,0
5213,4,0
5214,4,0
5215,4,0
5216,4,0
5217,4,0
5218,4,0
5219,4,0
5220,4,0
5221,4,0
5222,4,0
5223,4,0
5224,4,0
5225,4,0
5226,4,0
5227,4,0
5228,4,0
5229,4,0
5230,4,0
5231,4,0
5232,4,0
5233,4,0
5234,4,0
5235,4,0
5236,4,0
5237,4,0
5238,4,0
5239,4,0
5240,4,0
5241,4,0
5242,4,0
5243,4,0
5244,4,0
5245,4,0
5246,4,0
5247,4,0
5248,4,0
5249,4,0
5250,4,0
5251,4,0
5252,4,0
5253,4,0
5254,4,0
5255,4,0
5256,4,0
5257,4,0
5258,4,0
5259,4,0
5260,4,0
5261,4,0
5262,4,0
5263,4,0
5264,4,0
5265,4,0
5266,4,1
5267,4,1
5268,4,1
5269,4,1
5270,4,1
5271,4,1
5272,4,0
5273,4,0
5274,4,0
5275,4,0
5276,4,0
5277,4,0
5278,4,0
5279,4,0
5280,4,0
5281,4,0
5282,4,0
5283,4,0
5284,4,0
5285,4,0
5286,4,0
5287,4,0
5288,4,0
5289,4,0
5290,4,0
5291,4,0
5292,4,0
5293,4,0
5294,4,0
5295,4,0
5296,4,0
5297,4,0
5298,4,0
5299,4,0
5300,4,0
5301,4,0
5302,4,0
5303,4,0
5304,4,0
5305,4,0
5306,4,0
5307,4,0
5308,4,0
5309,4,0
5310,4,0
5311,4,0
5312,4,0
5313,4,0
5314,4,0
5315,4,0
5316,4,0
5317,4,0
5318,4,0
5319,4,0
5320,4,0
5321,4,0
5322,4,0
5323,4,0
5324,4,0
5325,4,0
5326,4,0
5327,4,0
5328,4,0
5329,4,0
5330,4,0
5331,4,0
5332,4,0
5333,4,0
5334,4,0
5335,4,0
5336,4,0
5337,5,0
5338,5,0
5339,5,0
5340,5,0
5341,5,0
5342,5,0
5343,5,0
5344,5,0
5345,5,0
5346,5,0
5347,5,0
5348,5,0
5349,5,0
5350,5,0
5351,5,0
5352,5,0
5353,5,0
5354,5,0
5355,5,0
5356,5,0
5357,5,0
5358,5,0
5359,5,0
5360,5,0
5361,5,0
5362,5,0
5363,5,0
5364,5,0
5365,5,0
5366,5,0
5367,5,0
5368,5,0
5369,5,0
5370,5,0
5371,5,0
5372,5,0
5373,5,0
5374,5,0
5375,5,0
5376,5,0
5377,5,0
5378,5,0
5379,5,0
5380,5,0
5381,5,0
5382,5,0
5383,5,0
5384,5,0
5385,5,0
5386,5,0
5387,5,0
5388,5,0
5389,5,0
5390,5,0
5391,5,0
5392,5,0
5393,5,0
5394,5,0
5395,5,0
5396,5,0
5397,5,0
5398,5,0
5399,5,0
5400,5,0
5401,5,0
5402,5,0
5403,5,0
5404,5,0
5405,5,0
5406,5,0
5407,5,0
5408,5,0
5409,5,0
5410,5,0
5411,5,0
5412,5,0
5413,5,0
5414,5,0
5415,5,0
5416,5,0
5417,5,0
5418,5,0
5419,5,0
5420,5,0
5421,5,0
5422,5,0
5423,5,0
5424,5,0
5425,5,0
5426,5,0
5427,5,0
5428,5,0
5429,5,0
5430,5,0
5431,5,0
5432,5,0
5433,5,0
5434,5,0
5435,5,0
5436,5,0
5437,5,0
5438,5,0
5439,5,0
5440,5,0
5441,5,0
5442,5,0
5443,5,0
5444,5,0
5445,5,0
5446,5,0
5447,5,0
5448,5,0
5449,5,0
5450,5,0
5451,5,0
5452,5,0
5453,5,0
5454,5,0
5455,5,0
5456,5,0
5457,5,0
5458,5,0
5459,5,0
5460,5,0
5461,5,0
5462,5,0
5463,5,0
5464,5,0
5465,5,0
5466,5,0
5467,5,0
5468,5,0
5469,5,0
5470,5,0
5471,5,0
5472,5,0
5473,5,0
5474,5,0
5475,5,0
5476,5,0
5477,5,0
5478,5,0
5479,5,0
5480,5,0
5481,5,0
5482,5,0
5483,5,0
5484,5,0
5485,5,0
5486,5,0
5487,5,0
5488,5,0
5489,5,0
5490,5,0
5491,5,0
5492,5,0
5493,5,0
5494,5,0
5495,5,0
5496,5,0
5497,5,0
5498,5,0
5499,5,0
5500,5,0
5501,5,0
5502,5,0
5503,5,0
5504,5,0
5505,5,0
5506,5,0
5507,5,0
5508,5,0
5509,5,0
5510,5,0
5511,5,0
5512,5,0
5513,5,0
5514,5,0
5515,5,0
5516,5,0
5517,5,0
5518,5,0
5519,5,0
5520,5,0
5521,5,0
5522,5,0
5523,5,0
5524,5,0
5525,5,0
5526,5,0
5527,5,0
5528,5,0
5529,5,0
5530,5,0
5531,5,0
5532,5,0
5533,5,0
5534,5,0
5535,5,0
5536,5,0
5537,5,0
5538,5,0
5539,5,0
5540,5,0
5541,5,0
5542,5,0
5543,5,0
5544,5,0
5545,5,0
5546,5,0
5547,5,0
5548,5,0
5549,5,0
5550,5,0
5551,5,0
5552,5,0
5553,5,0
5554,5,0
5555,5,0
5556,5,0
5557,5,0
5558,5,0
5559,5,0
5560,5,0
5561,5,0
5562,5,0
5563,5,0
5564,5,0
5565,5,0
5566,5,0
5567,5,0
5568,5,0
5569,5,0
5570,5,0
5571,5,0
5572,5,0
5573,5,0
5574,5,0
5575,5,0
5576,5,0
5577,5,0
5578,5,0
5579,5,0
5580,5,0
5581,5,0
5582,5,0
5583,5,0
5584,5,0
5585,5,0
5586,5,0
5587,5,0
5588,5,0
5589,5,0
5590,5,0
5591,5,0
5592,5,0
5593,5,0
5594,5,0
5595,5,0
5596,5,0
5597,5,0
5598,5,0
5599,5,0
5600,5,0
5601,5,0
5602,5,0
5603,5,0
5604,5,0
5605,5,0
5606,5,0
5607,5,0
5608,5,0
5609,5,0
5610,5,0
5611,5,0
5612,5,0
5613,5,0
5614,5,0
5615,5,0
5616,5,0
5617,5,0
5618,5,0
5619,5,0
5620,5,0
5621,5,0
5622,5,0
5623,5,0
5624,5,0
5625,5,0
5626,5,0
5627,5,0
5628,5,0
5629,5,0
5630,5,0
5631,5,0
5632,5,0
5633,5,0
5634,5,0
5635,5,0
5636,5,0
5637,5,0
5638,5,0
5639,5,0
5640,5,0
5641,5,0
5642,5,0
5643,5,0
5644,5,0
5645,5,0
5646,5,0
5647,5,0
5648,5,0
5649,5,0
5650,5,0
5651,5,0
5652,5,0
5653,5,0
5654,5,0
5655,5,0
5656,5,0
5657,5,0
5658,5,0
5659,5,0
5660,5,0
5661,5,0
5662,5,0
5663,5,0
5664,5,0
5665,5,0
5666,5,0
5667,5,0
5668,5,0
5669,5,0
5670,5,0
5671,5,0
5672,5,0
5673,5,0
5674,5,0
5675,5,0
5676,5,0
5677,5,0
5678,5,0
5679,5,0
5680,5,0
5681,5,0
5682,5,0
5683,5,0
5684,5,0
5685,5,0
5686,5,0
5687,5,0
5688,5,0
5689,5,0
5690,5,0
5691,5,0
5692,5,0
5693,5,0
5694,5,0
5695,5,0
5696,5,0
5697,5,0
5698,5,0
5699,5,0
5700,5,0
5701,5,0
5702,5,0
5703,5,0
5704,5,0
5705,5,0
5706,5,0
5707,5,0
5708,5,0
5709,5,0
5710,5,0
5711,5,0
5712,5,0
5713,5,0
5714,5,0
5715,5,0
5716,5,0
5717,5,0
5718,5,0
5719,5,0
5720,5,0
5721,5,0
5722,5,0
5723,5,0
5724,5,0
5725,5,0
5726,5,0
5727,5,0
5728,5,0
5729,5,0
5730,5,0
5731,5,0
5732,5,0
5733,5,0
5734,5,0
5735,5,0
5736,5,0
5737,5,0
5738,5,0
5739,5,0
5740,5,0
5741,5,0
5742,5,0
5743,5,0
5744,5,0
5745,5,0
5746,5,0
5747,5,0
5748,5,0
5749,5,0
5750,5,0
5751,5,0
5752,5,0
5753,5,0
5754,5,0
5755,5,0
5756,5,0
5757,5,0
5758,5,0
5759,5,0
5760,5,0
5761,5,0
5762,5,0
5763,5,0
5764,5,0
5765,5,0
5766,5,0
5767,5,0
5768,5,0
5769,5,0
5770,5,0
5771,5,0
5772,5,0
5773,5,0
5774,5,0
5775,5,0
5776,5,0
5777,5,0
5778,5,0
5779,5,0
5780,5,0
5781,5,0
5782,5,0
5783,5,0
5784,5,0
5785,5,0
5786,5,0
5787,5,0
5788,5,0
5789,5,0
5790,5,0
5791,5,0
5792,5,0
5793,5,0
5794,5,0
5795,5,0
5796,5,0
5797,5,0
5798,5,0
5799,5,0
5800,5,0
5801,5,0
5802,5,0
5803,5,0
5804,5,0
5805,5,0
5806,5,0
5807,5,0
5808,5,0
5809,5,0
5810,5,0
5811,5,0
5812,5,0
5813,5,0
5814,5,0
5815,5,0
5816,5,0
5817,5,0
5818,5,0
5819,5,0
5820,5,0
5821,5,0
5822,5,0
5823,5,0
5824,5,0
5825,5,0
5826,5,0
5827,5,0
5828,5,0
5829,5,0
5830,5,0
5831,5,0
5832,5,0
5833,5,0
5834,5,0
5835,5,0
5836,5,0
5837,5,0
5838,5,0
5839,5,0
5840,5,0
5841,5,0
5842,5,0
5843,5,0
5844,5,0
5845,5,0
5846,5,0
5847,5,0
5848,5,0
5849,5,0
5850,5,0
5851,5,0
5852,5,0
5853,5,0
5854,5,0
5855,5,0
5856,5,0
5857,5,0
5858,5,0
5859,5,0
5860,5,0
5861,5,0
5862,5,0
5863,5,0
5864,5,0
5865,5,0
5866,5,0
5867,5,0
5868,5,0
5869,5,0
5870,5,0
5871,5,0
5872,5,0
5873,5,0
5874,5,0
5875,5,0
5876,5,0
5877,5,0
5878,5,0
5879,5,0
5880,5,0
5881,5,0
5882,5,0
5883,5,0
5884,5,0
5885,5,0
5886,5,0
5887,5,0
5888,5,0
5889,5,0
5890,5,0
5891,5,0
5892,5,0
5893,5,0
5894,5,0
5895,5,0
5896,5,0
5897,5,0
5898,5,0
5899,5,0
5900,5,0
5901,5,0
5902,5,0
5903,5,0
5904,5,0
5905,5,0
5906,5,0
5907,5,0
5908,5,0
5909,5,0
5910,5,0
5911,5,0
5912,5,0
5913,5,0
5914,5,0
5915,5,0
5916,5,0
5917,5,0
5918,5,0
5919,5,0
5920,5,0
5921,5,0
5922,5,0
5923,5,0
5924,5,0
5925,5,0
5926,5,0
5927,5,0
5928,5,0
5929,5,0
5930,5,0
5931,5,0
5932,5,0
5933,5,0
5934,5,0
5935,5,0
5936,5,0
5937,5,0
5938,5,0
5939,5,0
5940,5,0
5941,5,0
5942,5,0
5943,5,0
5944,5,0
5945,5,0
5946,5,0
5947,5,0
5948,5,0
5949,5,0
5950,5,0
5951,5,0
5952,5,0
5953,5,0
5954,5,0
5955,5,0
5956,5,0
5957,5,0
5958,5,0
5959,5,0
5960,5,0
5961,5,0
5962,5,0
5963,5,0
5964,5,0
5965,5,0
5966,5,0
5967,5,0
5968,5,0
5969,5,0
5970,5,0
5971,5,0
5972,5,0
5973,5,0
5974,5,0
5975,5,0
5976,5,0
5977,5,0
5978,5,0
5979,5,0
5980,5,0
5981,5,0
5982,5,0
5983,5,0
5984,5,0
5985,5,0
5986,5,0
5987,5,0
5988,5,0
5989,5,0
5990,5,0
5991,5,0
5992,5,0
5993,5,0
5994,5,0
5995,5,0
5996,5,0
5997,5,0
5998,5,0
5999,5,0
6000,5,0
6001,5,0
6002,5,0
6003,5,0
6004,5,0
6005,5,0
6006,5,0
6007,5,0
6008,5,0
6009,5,0
6010,5,0
6011,5,0
6012,5,0
6013,5,0
6014,5,0
6015,5,0
6016,5,0
6017,5,0
6018,5,0
6019,5,0
6020,5,0
6021,5,0
6022,5,0
6023,5,0
6024,5,0
6025,5,0
6026,5,0
6027,5,0
6028,5,0
6029,5,0
6030,5,0
6031,5,0
6032,5,0
6033,5,0
6034,5,0
6035,5,0
6036,5,0
6037,5,0
6038,5,0
6039,5,0
6040,5,0
6041,5,0
6042,5,0
6043,5,0
6044,5,0
6045,5,0
6046,5,0
6047,5,0
6048,5,0
6049,5,0
6050,5,0
6051,5,0
6052,5,0
6053,5,0
6054,5,1
6055,5,1
6056,5,1
6057,5,1
6058,5,1
6059,5,1
6060,5,1
6061,5,1
6062,5,1
6063,5,1
6064,5,1
6065,5,1
6066,5,1
6067,5,1
6068,5,1
6069,5,1
6070,5,1
6071,5,1
6072,5,1
6073,5,1
6074,5,1
6075,5,1
6076,5,1
6077,5,1
6078,5,1
6079,5,1
6080,5,1
6081,5,1
6082,5,1
6083,5,1
6084,6,0
6085,6,0
6086,6,0
6087,6,0
6088,6,0
6089,6,0
6090,6,0
6091,6,0
6092,6,0
6093,6,0
6094,6,0
6095,6,0
6096,6,0
6097,6,0
6098,6,0
6099,6,0
6100,6,0
6101,6,0
6102,6,0
6103,6,0
6104,6,0
6105,6,0
6106,6,0
6107,6,0
6108,6,0
6109,6,0
6110,6,0
6111,6,0
6112,6,0
6113,6,0
6114,6,0
6115,6,0
6116,6,0
6117,6,0
6118,6,0
6119,6,0
6120,6,0
6121,6,0
6122,6,0
6123,6,0
6124,6,0
6125,6,0
6126,6,0
6127,6,0
6128,6,0
6129,6,0
6130,6,0
6131,6,0
6132,6,0
6133,6,0
6134,6,0
6135,6,0
6136,6,0
6137,6,0
6138,6,0
6139,6,0
6140,6,0
6141,6,0
6142,6,0
6143,6,0
6144,6,0
6145,6,0
6146,6,0
6147,6,0
6148,6,0
6149,6,0
6150,6,0
6151,6,0
6152,6,0
6153,6,0
6154,6,0
6155,6,0
6156,6,0
6157,6,0
6158,6,0
6159,6,0
6160,6,0
6161,6,0
6162,6,0
6163,6,0
6164,6,0
6165,6,0
6166,6,0
6167,6,0
6168,6,0
6169,6,0
6170,6,0
6171,6,0
6172,6,0
6173,6,0
6174,6,0
6175,6,0
6176,6,0
6177,6,0
6178,6,0
6179,6,0
6180,6,0
6181,6,0
6182,6,0
6183,6,0
6184,6,0
6185,6,0
6186,6,0
6187,6,0
6188,6,0
6189,6,0
6190,6,0
6191,6,0
6192,6,0
6193,6,0
6194,6,0
6195,6,0
6196,6,0
6197,6,0
6198,6,0
6199,6,0
6200,6,0
6201,6,0
6202,6,0
6203,6,0
6204,6,0
6205,6,0
6206,6,0
6207,6,0
6208,6,0
6209,6,0
6210,6,0
6211,6,0
6212,6,0
6213,6,0
6214,6,0
6215,6,0
6216,6,0
6217,6,0
6218,6,0
6219,6,0
6220,6,0
6221,6,0
6222,6,0
6223,6,0
6224,6,0
6225,6,0
6226,6,0
6227,6,0
6228,6,0
6229,6,0
6230,6,0
6231,6,0
6232,6,0
6233,6,0
6234,6,0
6235,6,0
6236,6,0
6237,6,0
6238,6,0
6239,6,0
6240,6,0
6241,6,0
6242,6,0
6243,6,0
6244,6,0
6245,6,0
6246,6,0
6247,6,0
6248,6,0
6249,6,0
6250,6,0
6251,6,0
6252,6,0
6253,6,0
6254,6,0
6255,6,0
6256,6,0
6257,6,0
6258,6,0
6259,6,0
6260,6,0
6261,6,0
6262,6,0
6263,6,0
6264,6,0
6265,6,0
6266,6,0
6267,6,0
6268,6,0
6269,6,0
6270,6,0
6271,6,0
6272,6,0
6273,6,0
6274,6,0
6275,6,0
6276,6,0
6277,6,0
6278,6,0
6279,6,0
6280,6,0
6281,6,0
6282,6,0
6283,6,0
6284,6,0
6285,6,0
6286,6,0
6287,6,0
6288,6,0
6289,6,0
6290,6,0
6291,6,0
6292,6,0
6293,6,0
6294,6,0
6295,6,0
6296,6,0
6297,6,0
6298,6,0
6299,6,0
6300,6,0
6301,6,0
6302,6,0
6303,6,0
6304,6,0
6305,6,0
6306,6,0
6307,6,0
6308,6,0
6309,6,0
6310,6,0
6311,6,0
6312,6,0
6313,6,0
6314,6,0
6315,6,0
6316,6,0
6317,6,0
6318,6,0
6319,6,0
6320,6,0
6321,6,0
6322,6,0
6323,6,0
6324,6,0
6325,6,0
6326,6,0
6327,6,0
6328,6,0
6329,6,0
6330,6,0
6331,6,0
6332,6,0
6333,6,0
6334,6,0
6335,6,0
6336,6,0
6337,6,0
6338,6,0
6339,6,0
6340,6,0
6341,6,0
6342,6,0
6343,6,0
6344,6,0
6345,6,0
6346,6,0
6347,6,0
6348,6,0
6349,6,0
6350,6,0
6351,6,0
6352,6,0
6353,6,0
6354,6,0
6355,6,0
6356,6,0
6357,6,0
6358,6,0
6359,6,0
6360,6,0
6361,6,0
6362,6,0
6363,6,0
6364,6,0
6365,6,0
6366,6,0
6367,6,0
6368,6,0
6369,6,0
6370,6,0
6371,6,0
6372,6,0
6373,6,0
6374,6,0
6375,6,0
6376,6,0
6377,6,0
6378,6,0
6379,6,0
6380,6,0
6381,6,0
6382,6,0
6383,6,0
6384,6,0
6385,6,0
6386,6,0
6387,6,0
6388,6,0
6389,6,0
6390,6,0
6391,6,0
6392,6,0
6393,6,0
6394,6,0
6395,6,0
6396,6,0
6397,6,0
6398,6,0
6399,6,0
6400,6,0
6401,6,0
6402,6,0
6403,6,0
6404,6,0
6405,6,0
6406,6,0
6407,6,0
6408,6,0
6409,6,0
6410,6,0
6411,6,0
6412,6,0
6413,6,0
6414,6,0
6415,6,0
6416,6,0
6417,6,0
6418,6,0
6419,6,0
6420,6,0
6421,6,0
6422,6,0
6423,6,0
6424,6,0
6425,6,0
6426,6,0
6427,6,0
6428,6,0
6429,6,0
6430,6,0
6431,6,0
6432,6,0
6433,6,0
6434,6,0
6435,6,0
6436,6,0
6437,6,0
6438,6,0
6439,6,0
6440,6,0
6441,6,0
6442,6,0
6443,6,0
6444,6,0
6445,6,0
6446,6,0
6447,6,0
6448,6,0
6449,6,0
6450,6,0
6451,6,0
6452,6,0
6453,6,0
6454,6,0
6455,6,0
6456,6,0
6457,6,0
6458,6,0
6459,6,0
6460,6,0
6461,6,0
6462,6,0
6463,6,0
6464,6,0
6465,6,0
6466,6,0
6467,6,0
6468,6,0
6469,6,0
6470,6,0
6471,6,0
6472,6,0
6473,6,0
6474,6,0
6475,6,0
6476,6,0
6477,6,0
6478,6,0
6479,6,0
6480,6,0
6481,6,0
6482,6,0
6483,6,0
6484,6,0
6485,6,0
6486,6,0
6487,6,0
6488,6,0
6489,6,0
6490,6,0
6491,6,0
6492,6,0
6493,6,0
6494,6,0
6495,6,0
6496,6,0
6497,6,0
6498,6,0
6499,6,0
6500,6,0
6501,6,0
6502,6,0
6503,6,0
6504,6,0
6505,6,0
6506,6,0
6507,6,0
6508,6,0
6509,6,0
6510,6,0
6511,6,0
6512,6,0
6513,6,0
6514,6,0
6515,6,0
6516,6,0
6517,6,0
6518,6,0
6519,6,0
6520,6,0
6521,6,0
6522,6,0
6523,6,0
6524,6,0
6525,6,0
6526,6,0
6527,6,0
6528,6,0
6529,6,0
6530,6,0
6531,6,0
6532,6,0
6533,6,0
6534,6,0
6535,6,0
6536,6,0
6537,6,0
6538,6,0
6539,6,0
6540,6,0
6541,6,0
6542,6,0
6543,6,0
6544,6,0
6545,6,0
6546,6,0
6547,6,0
6548,6,0
6549,6,0
6550,6,0
6551,6,0
6552,6,0
6553,6,0
6554,6,0
6555,6,0
6556,6,0
6557,6,0
6558,6,0
6559,6,0
6560,6,0
6561,6,0
6562,6,0
6563,6,0
6564,6,0
6565,6,0
6566,6,0
6567,6,0
6568,6,0
6569,6,0
6570,6,0
6571,6,0
6572,6,0
6573,6,0
6574,6,0
6575,6,0
6576,6,0
6577,6,0
6578,6,0
6579,6,0
6580,6,0
6581,6,0
6582,6,0
6583,6,0
6584,6,0
6585,6,0
6586,6,0
6587,6,0
6588,6,0
6589,6,0
6590,6,0
6591,6,0
6592,6,0
6593,6,0
6594,6,0
6595,6,0
6596,6,0
6597,6,0
6598,6,0
6599,6,0
6600,6,0
6601,6,0
6602,6,0
6603,6,0
6604,6,0
6605,6,0
6606,6,0
6607,6,0
6608,6,0
6609,6,0
6610,6,0
6611,6,0
6612,6,0
6613,6,0
6614,6,0
6615,6,0
6616,6,0
6617,6,0
6618,6,0
6619,6,0
6620,6,0
6621,6,0
6622,6,0
6623,6,0
6624,6,0
6625,6,0
6626,6,0
6627,6,0
6628,6,0
6629,6,0
6630,6,0
6631,6,0
6632,6,0
6633,6,0
6634,6,0
6635,6,0
6636,6,0
6637,6,0
6638,6,0
6639,6,0
6640,6,0
6641,6,0
6642,6,0
6643,6,0
6644,6,0
6645,6,0
6646,6,0
6647,6,0
6648,6,0
6649,6,0
6650,6,0
6651,6,0
6652,6,0
6653,6,0
6654,6,0
6655,6,0
6656,6,0
6657,6,0
6658,6,0
6659,6,0
6660,6,0
6661,6,0
6662,6,0
6663,6,0
6664,6,0
6665,6,0
6666,6,0
6667,6,0
6668,6,0
6669,6,0
6670,6,0
6671,6,0
6672,6,0
6673,6,0
6674,6,0
6675,6,0
6676,6,0
6677,6,0
6678,6,0
6679,6,0
6680,6,0
6681,6,0
6682,6,0
6683,6,0
6684,6,0
6685,6,0
6686,6,0
6687,6,0
6688,6,0
6689,6,0
6690,6,0
6691,6,0
6692,6,0
6693,6,0
6694,6,0
6695,6,0
6696,6,0
6697,6,0
6698,6,0
6699,6,0
6700,6,1
6701,6,1
6702,6,1
6703,6,1
6704,6,1
6705,6,1
6706,6,1
6707,6,1
6708,6,1
6709,6,1
6710,6,1
6711,6,1
6712,6,1
6713,6,1
6714,6,1
6715,6,1
6716,6,1
6717,6,1
6718,6,1
6719,6,1
6720,6,1
6721,6,1
6722,6,1
6723,6,1
6724,6,1
6725,6,1
6726,6,1
6727,6,1
6728,6,1
6729,6,1
6730,6,1
6731,6,1
6732,6,1
6733,6,1
6734,6,1
6735,6,1
6736,6,1
6737,6,1
6738,6,1
6739,6,1
6740,6,1
6741,6,1
6742,6,1
6743,6,1
6744,6,1
6745,6,1
6746,6,1
6747,6,1
6748,6,1
6749,6,1
6750,6,1
6751,6,1
6752,6,1
6753,6,1
6754,6,1
6755,6,1
6756,6,1
6757,6,1
6758,6,1
6759,6,1
6760,6,1
6761,6,1
6762,6,1
6763,6,1
6764,6,1
6765,6,1
6766,6,1
6767,6,1
6768,6,1
6769,6,1
6770,6,1
6771,6,1
6772,6,1
6773,6,1
6774,6,1
6775,6,1
6776,6,1
6777,6,1
6778,6,1
6779,6,1
6780,6,1
6781,6,1
6782,6,1
6783,6,1
6784,6,1
6785,6,1
6786,6,1
6787,6,1
6788,6,1
6789,6,1
6790,6,1
6791,6,1
6792,6,1
6793,6,1
6794,6,1
6795,6,1
6796,6,1
6797,6,1
6798,6,1
6799,6,1
6800,6,1
6801,6,0
6802,6,0
6803,6,0
6804,6,0
6805,6,0
6806,6,0
6807,6,0
6808,6,0
6809,6,0
6810,6,0
6811,6,0
6812,6,0
6813,6,0
6814,6,0
6815,6,0
6816,6,0
6817,6,0
6818,6,0
6819,6,0
6820,6,0
6821,6,0
6822,6,0
6823,6,0
6824,6,0
6825,6,0
6826,6,0
6827,6,0
6828,6,0
6829,6,0
6830,6,0
6831,7,0
6832,7,0
6833,7,0
6834,7,0
6835,7,0
6836,7,0
6837,7,0
6838,7,0
6839,7,0
6840,7,0
6841,7,0
6842,7,0
6843,7,0
6844,7,0
6845,7,0
6846,7,0
6847,7,0
6848,7,0
6849,7,0
6850,7,0
6851,7,0
6852,7,0
6853,7,0
6854,7,0
6855,7,0
6856,7,0
6857,7,0
6858,7,0
6859,7,0
6860,7,0
6861,7,0
6862,7,0
6863,7,0
6864,7,0
6865,7,0
6866,7,0
6867,7,0
6868,7,0
6869,7,0
6870,7,0
6871,7,0
6872,7,0
6873,7,0
6874,7,0
6875,7,0
6876,7,0
6877,7,0
6878,7,0
6879,7,0
6880,7,0
6881,7,0
6882,7,0
6883,7,0
6884,7,0
6885,7,0
6886,7,0
6887,7,0
6888,7,0
6889,7,0
6890,7,0
6891,7,0
6892,7,0
6893,7,0
6894,7,0
6895,7,0
6896,7,0
6897,7,0
6898,7,0
6899,7,0
6900,7,0
6901,7,0
6902,7,0
6903,7,0
6904,7,0
6905,7,0
6906,7,0
6907,7,0
6908,7,0
6909,7,0
6910,7,0
6911,7,0
6912,7,0
6913,7,0
6914,7,0
6915,7,0
6916,7,0
6917,7,0
6918,7,0
6919,7,0
6920,7,0
6921,7,0
6922,7,0
6923,7,0
6924,7,0
6925,7,0
6926,7,0
6927,7,0
6928,7,0
6929,7,0
6930,7,0
6931,7,0
6932,7,0
6933,7,0
6934,7,0
6935,7,0
6936,7,0
6937,7,0
6938,7,0
6939,7,0
6940,7,0
6941,7,0
6942,7,0
6943,7,0
6944,7,0
6945,7,0
6946,7,0
6947,7,0
6948,7,0
6949,7,0
6950,7,0
6951,7,0
6952,7,0
6953,7,0
6954,7,0
6955,7,0
6956,7,0
6957,7,0
6958,7,0
6959,7,0
6960,7,0
6961,7,0
6962,7,0
6963,7,0
6964,7,0
6965,7,0
6966,7,0
6967,7,0
6968,7,0
6969,7,0
6970,7,0
6971,7,0
6972,7,0
6973,7,0
6974,7,0
6975,7,0
6976,7,0
6977,7,0
6978,7,0
6979,7,0
6980,7,0
6981,7,0
6982,7,0
6983,7,0
6984,7,0
6985,7,0
6986,7,0
6987,7,0
6988,7,0
6989,7,0
6990,7,0
6991,7,0
6992,7,0
6993,7,0
6994,7,0
6995,7,0
6996,7,0
6997,7,0
6998,7,0
6999,7,0
7000,7,0
7001,7,0
7002,7,0
7003,7,0
7004,7,0
7005,7,0
7006,7,0
7007,7,0
7008,7,0
7009,7,0
7010,7,0
7011,7,0
7012,7,0
7013,7,0
7014,7,0
7015,7,0
7016,7,0
7017,7,0
7018,7,0
7019,7,0
7020,7,0
7021,7,0
7022,7,0
7023,7,0
7024,7,0
7025,7,0
7026,7,0
7027,7,0
7028,7,0
7029,7,0
7030,7,0
7031,7,0
7032,7,0
7033,7,0
7034,7,0
7035,7,0
7036,7,0
7037,7,0
7038,7,0
7039,7,0
7040,7,0
7041,7,0
7042,7,0
7043,7,0
7044,7,0
7045,7,0
7046,7,0
7047,7,0
7048,7,0
7049,7,0
7050,7,0
7051,7,0
7052,7,0
7053,7,0
7054,7,0
7055,7,0
7056,7,0
7057,7,0
7058,7,0
7059,7,0
7060,7,0
7061,7,0
7062,7,0
7063,7,0
7064,7,0
7065,7,0
7066,7,0
7067,7,0
7068,7,0
7069,7,0
7070,7,0
7071,7,0
7072,7,0
7073,7,0
7074,7,0
7075,7,0
7076,7,0
7077,7,0
7078,7,0
7079,7,0
7080,7,0
7081,7,0
7082,7,0
7083,7,0
7084,7,0
7085,7,0
7086,7,0
7087,7,0
7088,7,0
7089,7,0
7090,7,0
7091,7,0
7092,7,0
7093,7,0
7094,7,0
7095,7,0
7096,7,0
7097,7,0
7098,7,0
7099,7,0
7100,7,0
7101,7,0
7102,7,0
7103,7,0
7104,7,0
7105,7,0
7106,7,0
7107,7,0
7108,7,0
7109,7,0
7110,7,0
7111,7,0
7112,7,0
7113,7,0
7114,7,0
7115,7,0
7116,7,0
7117,7,0
7118,7,0
7119,7,0
7120,7,0
7121,7,0
7122,7,0
7123,7,0
7124,7,0
7125,7,0
7126,7,0
7127,7,0
7128,7,0
7129,7,0
7130,7,0
7131,7,0
7132,7,0
7133,7,0
7134,7,0
7135,7,0
7136,7,0
7137,7,0
7138,7,0
7139,7,0
7140,7,0
7141,7,0
7142,7,0
7143,7,0
7144,7,0
7145,7,0
7146,7,0
7147,7,0
7148,7,0
7149,7,0
7150,7,0
7151,7,0
7152,7,0
7153,7,0
7154,7,0
7155,7,0
7156,7,0
7157,7,0
7158,7,0
7159,7,0
7160,7,0
7161,7,0
7162,7,0
7163,7,0
7164,7,0
7165,7,0
7166,7,0
7167,7,0
7168,7,0
7169,7,0
7170,7,0
7171,7,0
7172,7,0
7173,7,0
7174,7,0
7175,7,0
7176,7,0
7177,7,0
7178,7,0
7179,7,0
7180,7,0
7181,7,0
7182,7,0
7183,7,0
7184,7,0
7185,7,0
7186,7,0
7187,7,0
7188,7,0
7189,7,0
7190,7,0
7191,7,0
7192,7,0
7193,7,0
7194,7,0
7195,7,0
7196,7,0
7197,7,0
7198,7,0
7199,7,0
7200,7,0
7201,7,0
7202,7,0
7203,7,0
7204,7,0
7205,7,0
7206,7,0
7207,7,0
7208,7,0
7209,7,0
7210,7,0
7211,7,0
7212,7,0
7213,7,0
7214,7,0
7215,7,0
7216,7,0
7217,7,0
7218,7,0
7219,7,0
7220,7,0
7221,7,0
7222,7,0
7223,7,0
7224,7,0
7225,7,0
7226,7,0
7227,7,0
7228,7,0
7229,7,0
7230,7,0
7231,7,0
7232,7,0
7233,7,0
7234,7,0
7235,7,0
7236,7,0
7237,7,0
7238,7,0
7239,7,0
7240,7,0
7241,7,0
7242,7,0
7243,7,0
7244,7,0
7245,7,0
7246,7,0
7247,7,0
7248,7,0
7249,7,0
7250,7,0
7251,7,0
7252,7,0
7253,7,0
7254,7,0
7255,7,0
7256,7,0
7257,7,0
7258,7,0
7259,7,0
7260,7,0
7261,7,0
7262,7,0
7263,7,0
7264,7,0
7265,7,0
7266,7,0
7267,7,0
7268,7,0
7269,7,0
7270,7,0
7271,7,0
7272,7,0
7273,7,0
7274,7,0
7275,7,0
7276,7,0
7277,7,0
7278,7,0
7279,7,0
7280,7,0
7281,7,0
7282,7,0
7283,7,0
7284,7,0
7285,7,0
7286,7,0
7287,7,0
7288,7,0
7289,7,0
7290,7,0
7291,7,0
7292,7,0
7293,7,0
7294,7,0
7295,7,0
7296,7,0
7297,7,0
7298,7,0
7299,7,0
7300,7,0
7301,7,0
7302,7,0
7303,7,0
7304,7,0
7305,7,0
7306,7,0
7307,7,0
7308,7,0
7309,7,0
7310,7,0
7311,7,0
7312,7,0
7313,7,0
7314,7,0
7315,7,0
7316,7,0
7317,7,0
7318,7,0
7319,7,0
7320,7,0
7321,7,0
7322,7,0
7323,7,0
7324,7,0
7325,7,0
7326,7,0
7327,7,0
7328,7,0
7329,7,0
7330,7,0
7331,7,0
7332,7,0
7333,7,0
7334,7,0
7335,7,0
7336,7,0
7337,7,0
7338,7,0
7339,7,0
7340,7,0
7341,7,0
7342,7,1
7343,7,0
7344,7,0
7345,7,0
7346,7,0
7347,7,0
7348,7,1
7349,7,0
7350,7,0
7351,7,0
7352,7,0
7353,7,0
7354,7,0
7355,7,0
7356,7,0
7357,7,0
7358,7,0
7359,7,1
7360,7,1
7361,7,0
7362,7,0
7363,7,0
7364,7,0
7365,7,0
7366,7,0
7367,7,0
7368,7,0
7369,7,0
7370,7,0
7371,7,0
7372,7,0
7373,7,0
7374,7,0
7375,7,0
7376,7,0
7377,7,0
7378,7,0
7379,7,0
7380,7,0
7381,7,0
7382,7,0
7383,7,0
7384,7,0
7385,7,0
7386,7,0
7387,7,0
7388,7,0
